1292052,1041052,5,当年的奥斯卡颁奖礼上，被如日中天的《阿甘正传》掩盖了它的光彩，而随着时间的推移，这部电影在越来越多的人们心中的地位已超越了《阿甘》。每当现实令我疲惫得产生无力感，翻出这张碟，就重获力量。毫无疑问，本片位列男人必看的电影前三名！回顾那一段经典台词：“有的人的羽翼是如此光辉，即使世界上最黑暗的牢狱，也无法长久地将他围困！”
1292052,1123543,5,不需要女主角的好电影
1292052,1781395,4,人的生命不过是从一个洞穴通往另一个世界..然后在那个世界的雨中继续颤抖.i hope
1292052,1289463,5,恐惧让你沦为囚犯，希望让你重获自由。——《肖申克的救赎》
1292052,1874375,5,"“这是一部男人必看的电影。”人人都这么说。但单纯从性别区分，就会让这电影变狭隘。《肖申克的救赎》突破了男人电影的局限，通篇几乎充满令人难以置信的温馨基调，而电影里最伟大的主题是“希望”。
当我们无奈地遇到了如同肖申克一般囚禁了心灵自由的那种囹圄，我们是无奈的老布鲁克，灰心的瑞德，还是智慧的安迪？运用智慧，信任希望，并且勇敢面对恐惧心理，去打败它？
经典的电影之所以经典，因为他们都在做同一件事——让你从不同的角度来欣赏希望的美好。"
1292052,1684198,5,策划了19年的私奔……
1292052,1182135,5,关于希望最强有力的注释。
1292052,1423569,5,有种鸟是关不住的.
1292052,1074067,5,"超级喜欢超级喜欢,不看的话人生不圆满."
1292052,1005928,5,"Fear Can Hold You Prisoner, Hope Can Set You Free"
1292052,3410472,5,这样的男人谁会舍得背叛。。。
1292052,15133636,4,"Hope is a good thing, and maybe the best thing of all."
1292052,1067216,5,"一部没有爱情与美女的电影,却光芒四射"
1292052,1311269,5,没有人会不喜欢吧！书和电影都好。
1292052,1030253,5,"因为1994年台湾引进了一部比较卖座的老片The Sting，被错译成了《刺激》。到了1995年本片上映时，片商觉得其剧情与《刺激》有类似的地方（大概都属于高智商的复仇？），因此被译成了《刺激1995》，1998年又有一部片子Return To Paradise因为含有牢狱情节，被译成《刺激1998》！

说起来，自打高一时看过《肖申克的救赎》，男主角安迪的精神就持续影响着我，成为我价值观的一部分。那种持续不断给有关机构写信申请图书馆的精神，那种拒绝“忙着活，忙着死”的人生的精神，那种迫不得已作恶却良心不泯正义终彰的精神，那种享受生命中每一刻微小的美好的精神，那种在困境中梦想着远方有一小块属于自己乐土的精神，那种甘于平凡且活得自在的精神。一言以蔽之，那种属于“人性的光辉”的精神。"
1292052,63688511,5,"“你知道，有些鸟儿是注定不会被关在牢笼里的，它们的每一片羽毛都闪耀着自由的光辉。”
一部经得起时间检验的电影，豆瓣、时光网、IMDb各大电影网站都排名第一的电影。"
1292052,104118815,4,不愧是好莱坞大片，一环扣一环，没想到最后不但逃生生天还偷偷把典狱长的贪污转移了出来，证据也送达了出去，帮助了曾经关心过自己的人，情节安排的巧妙，演员演绎的也好，是美国的，有爱国情节的我给打四分
1292052,168467329,5,一部没有女主，没有爱情，没有特技的好片子，也是很多大学英语老师喜欢放给学生看的片子，这部片子讲诉的就是一个很纯粹的故事，一次的救赎，换回了自由，也是一种信念驱使他这么做，这部片子是感人的，它也让很多人成长。
1292052,151621608,5,还记得老brooks上吊自杀时心里有多难过。自由来的太晚，生命早已自行放弃。
1292052,34037196,5,这部电影没什么好说的，史上最完美的电影，没有一秒尿尿时间！
1292052,1917438,4,绝对是期待过高导致有点失望
1292052,153249245,5,肖申克中生存体制又如当今社会体制，“痛改前非”的人一次次被重新投入黑暗之中，当权者干着肮脏的勾当却会在公众面前宣讲“拯救之道”，似乎只有当性格没有棱角，思想失去火花，被“体制化”的人们习惯逆来顺受的时候才可以平安生存
1292052,3517544,5,对不起，我戒酒了。
1292052,1418881,5,hope is a good thing
1292052,66428405,4,通过下水道逃出去，这真的是太震撼了，不得不说男主对自由的执念克服了一切，即使待在监狱里，因为不断学习，没和外面的世界脱轨，他才能如此从容面对一切，甚至即使是在监狱这小小世界里自己也是主宰，所以说：学习很重要，学到老活到老。
1292052,1215272,5,越狱我感觉就是改编自这个
1292052,1748369,3,"在我的心目中,它一直都是最被高估的电影。"
1292052,172077714,5,这是我每年都要回顾的一部片子，每当心情低落，人生低谷的时候，或者随便什时候打开，听着摩根弗里曼低沉的声音娓娓道来故事，就会感觉好了很多。好的电影是好的人生陪伴
1292052,2261504,5,明修栈道，暗渡陈仓
1292052,1130861,5,看完让人很振奋
1292052,154019316,5,好片，但是远比这部片更好的还很多，大家整天把这部电影稀奇得不行，其实同年的电影我更喜欢阿甘。
1292052,62675594,5,若你试自由如生命，你愿意用20年等来一日的逃脱。
1292052,2431044,5,何为救赎？只有重燃人们心中的希望才能救赎。有希望才有一切可能。即使环境再恶劣，安迪都没有放弃，坚持不懈的写信为大家换来更好的图书馆，帮助有需要的人拿到高中文凭使他们可以在社会上有生存能力，就算知道会惹怒看守也想让人们都听到美妙的歌声，点燃希望之光。有一种鸟儿是永远也关不住的。
1292052,172831940,5,怒赞，很难有一部电影能比《肖申克的救赎》更好的诠释梦想与救赎这两个词的关联，电影予人带来心理的洗涤震撼是如此深刻，对比安迪，我们生活中看似无以能迈不过的坎又算什么？当你若能一直心拥梦想，哪怕失败，也定能获得希望的救赎。 
1292052,1999864,2,真的不喜欢，不好看，没感觉
1292052,172890009,4,救赎什么？灵魂？自由？信念？你看看这部电影就有体会了
1292052,39994655,2,大众经典我从不感冒，为什么？我欣赏水平不行？
1292052,149120019,5,太感人的电影！完整看过四遍！安迪从下水道爬出后，在水里在雨中仰天长啸时，就瞬间泪奔！
1292052,69290051,3,几年后，五星改成三星。
1292052,133022752,5,发现自己最近真的是愿意回看经典 尤其是没有女主的经典 自由与希望 多么美好的词汇 可是一个迂腐的人现在才体会到 这两个词如果一年前对我提起 那么我会表示鄙夷 会觉得这两个词太虚无缥缈 假大空 而现在 如果你向我提起 那么我会说 我爱自由和希望
1292052,169089788,5,这是一部关于自由、友情、正义的电影!“信念不灭，希望永存”。这其实是他们全体人的救赎，只是选择的方式不同而已。
1292052,10969301,5,高中第一节心理课。“有一种鸟是关不住的，因为它们的每一片羽毛都闪耀着自由的光辉”，但后来不幸成了我的逆反宣言……哈哈哈。
1292052,1190351,5,我最喜欢的电影
1292052,169431934,5,非常好，可惜那年有阿甘正传，但我个人认为还是这部最佳。
1292052,1067099,5,不多说了
1292052,172466670,5,很久之前看的了，印象深刻的是一位老人在出狱后不知道如何生活了，外面的一切都是他所不熟悉的，无法正常的工作，交流，生活。最终选择结束了自己的生命。习惯真的是一种极其强大的可怕的力量！
1292052,171308410,5,几年前被母亲推荐看的，她很推崇，看过后感觉可以，黑暗是每个国家都存在的，总的来说希望好人一生平安！
1292052,147584043,5,习惯了监狱生活而接受不了正常生活的人，既真实又恐怖。勇敢面对生活，逃离自己的舒适区。
1292052,120114062,5,我发现影史顶尖的作品，都反映了人的执念，一种笃定一切的意志力，这种意志不被人理解，但让人佩服，因为大多数人不敢付出这样的代价，他们不敢相信这一切的价值。自由和希望，就是每个人活着的一根弦，绷着就能生，断了就得死。所以“要么忙着去活，要么忙着去死”，在于选择。如果你愿意相信自己会是那只光彩夺目的鸟，那你就不可能被困在牢笼之中，因为安迪的牢笼是他自己打开的。
1292052,1147451,5,#重看#@影城；超越年代的“主流心灵鸡汤”依然灌得眼泪直冒；世上本无希望，若我多行一步即是希望，在绝望黑暗处生出倔强微光，卡夫卡式的悖论；每人都背负着有形无形的肖申克，注定无法被囚禁的鸟儿一定会挣脱桎梏，天才善于做梦；类型片元素大集成，充满匠气的完美作品。
1292052,156016222,3,好看但这么高的分有点假了吧，如果和越狱比起来，还是越狱好看些！
1292052,1140816,5,2008年11月28日，第一次看肖申克。那时候观影量还不到五百吧。给五星是见识浅。现在差不多九年过去，我在豆瓣标注看过的已经超过三千，第二次看，还是给了五星。它当然不是最好的片，但是太滴水不漏了。
1292052,171231471,4,真的很金典，每个人心里都有渴望不一样的自由，却又不得不被现实生活所束缚，很矛盾的个体，希望每个人能像安迪一样找到获得真正的自由。很喜欢摩根弗里曼
1292052,1176223,5,酣畅淋漓
1292052,148653196,4,其实理解不了为什么这部影片会排名第一…
1292052,1867648,5,二十岁以为自己是在外边看，四十岁才明白自己是在里边看。
1292052,150807637,5,坚持就是胜利啊 最终在墙上弄了个洞
1292052,145790989,5,上个学期全班同学一起看的心理电影，下课了依旧不舍的坐在位置上，盯着那屏幕，看到最后，嗯，他活着出来了。信念，满满的充斥着内心，如果是我，可能早就死在那四面铜墙里了，哪还有后来呢。人生，可能就是这样，总是希望伴着绝望，那要看你是想救赎自己还是了结罢了
1292052,32068553,5,最最最最最好看的电影。没有之一。
1292052,45442872,5,任何时候，都不要放弃希望。
1292052,172656583,5,电影很励志，感悟很深，最主要的是让我学会坚持，送给在生活中遇到挫折的人！
1292052,1212693,2,有那么好吗？？？？？
1292052,156941004,5,人性伟大，会软弱，但更多的是坚韧
1292052,157061671,5,经典，很久以前看的了。人活着就得有希望。
1292052,169090174,5,任何时候都要坚持，坚持就会成功的，但现实能一直坚持的人是少的。值得一看
1292052,156928678,5,要么忙着活 要么忙着死 人应该对现有生活保持乐观的心态 充满希望 学会享受 而不是得过且过 苟且偷生 这种人生还有什么意义呢？还不如趁早去死 活着也是浪费资源
1292052,2065435,4,天下大同。PS：停留在前去相逢的车子远去的背影最好，不必拍出重遇和相拥。
1292052,46071083,2,有点好奇这部片为何被过度赞誉到这个地步···
1292052,96404793,4,经典老电影就是不一样，重温了无数遍呢
1292052,156004677,5,“人活着得有希望”，一点都没有错，当老布自杀的时候我在想他应该回到监狱里度过剩余的日子，可是当安迪终于出去的时候又是那么美好，人啊真的得有希望才能快乐勇敢的活下去。当我失意的时候就想起这个片子，想起他那么努力想尽办法的脱身，觉得我一定也可以冲出重围重新站起来，真的太励志了。
1292052,222740620,5,真正的救赎从来不是词汇意义上的“彻底改造”，而是在历经劫难、遗失人生重要年华过后依然渴求灵魂与躯体的自由和无上美好的希望
1292052,169199651,4,可以说这是越狱系列影片的鼻祖，故事情节细腻紧凑，从被迫入狱，在狱中斗智斗勇，夹缝中求生存，以及对重获自由的极度渴望，凭借超高的智商和过人的勇气，一次次化险为夷，最终和狱友成功逃离，获得自由。侧面揭露的社会黑暗及腐败不堪入眼的一面，值得深思回味
1292052,169147379,5,好的电影值得所有人反复观看，这就是一部。
1292052,153191830,5,这部被称为《刺激1995》的影片在中国影迷间也有极好的口碑，可见电影超越国界的神奇之处。
1292052,43316233,5,"对推上神坛的电影总是莫名恐惧，以致雪藏了多年才看。看完发现它之所以雄踞各类榜首，是因其他至多称作经典，而它却可称作伟大。Fear Can Hold You Prisoner, Hope Can Set You Free .Hope is a good thing."
1292052,172055431,4,在这世上生存就得有一项特长，再者坚持就是胜利吧。
1292052,135584913,5,看完之后，只觉得烧脑。看第二次，我只觉得男主人太厉害了。
1292052,161795616,3,当然是一部好电影，但他现在已经被物化成的最廉价的鸡汤。如果最顶级的电影就是这样的话，那电影这门事物真的是太让人失望了，也完全算不上艺术。不过万幸的是它不是最好的电影，它只不过是最烂大街的好电影。 幸亏有更好的电影更有理想和艺术追求的电影在捍卫的电影在艺术造诣方面的底线和天花板，才让电影没有在一片营销号的鸡汤中沦落为最廉价的网络谈资和消费品。
1292052,167309480,5,救赎每次看都有一种新的感觉，没有什么能够形容我对他的崇拜，人生若是真的能自由自在的在日落的时候喝着沁人的冰啤，那该是多么美好啊。
1292052,171644024,5,希望有朝一日中国也能拍出这种有深刻人生内涵的电影
1292052,147190792,5,自我救赎才是唯一的出口。感叹于知识改变命运啊。
1292052,174382003,5,"一部没有女主,没有爱情的好电影！不可超越的励志佳片，真的很令人感动的美国电影！炒鸡推荐🎉五星绝对的！"
1292052,139611792,5,精彩，永远别放弃，即使要很久以后才会成功。每天努力一点点，坚持不懈，总会有收获。
1292052,158123544,5,总觉得美国大片更容易直面人性，直面真实的社会。
1292052,153438591,4,经典是可以反复品味的，安迪对生活和自由充满向往，出狱对他来说是新生;而早已习惯了监狱生活的瑞德，已变得麻木，出狱对他来说就是死亡。
1292052,2704850,5,最后那一瞬间啊  
1292052,7601767,2,虚假的巧合被当作精妙对比，突兀的后果往往使人惊叹而不是受启发，脱离过去过于决绝。
1292052,162687415,5,重看次数最多的电影
1292052,169092759,5,真的好好看呀，对得起它那么高的评分，我要找小说来看一遍了
1292052,77170120,5,要么忙着活，要么忙着死。
1292052,165023952,5,很经典的电影，也很励志，人不管身处何种境地永远不要放弃希望
1292052,46752165,5,天知道第几次重看。它最伟大可贵的地方大概一方面是多层次嵌套的丰富主题，另一方面则是一种内在的timeless品质和情感表述，因此无论观众身处哪个时代，来自何种背景，抱持怎样的心理状态，都能够有效甚至不由自主地relate其中的某个角色或某段情节。
1292052,172395284,4,还是经典的老电影振奋人心，主人公逃出监狱在河流中张开双臂的画面记忆犹新。
1292052,172539038,5,几年前看的，看完之后挺久了才回神，第一次因为看了一部电影反思自己。是我心中电影的第一名～
1292052,207548872,4,无疑是好看的。但这么高的评分却是夸大了
1292052,172698512,5,我以为是个压抑影片，最后，我发现了希望的光。hope，谁也无法夺走，谁也无法消灭。这部影片，值得一看。
1292052,90489421,5,"Hope is good thing, and is everything. "
1292052,159406773,5,"It takes a strong man to save himself, and a great man to save another. "
1292052,174108276,4,肖申克的救赎，这部电影很好看，值得推荐
1292052,172649395,5,人的信念真的太强大，只要想做，而且坚持，总有一天会实现。知识的力量也是很强大的。看完这部电影，感觉自己又对美好的生活充满了向往。
1292052,1046236,5,"《肖申克的救赎》中安迪的扮演者蒂姆·罗宾斯说：“这部电影传达的是长久赛，而不是即时的满足。很多人感觉被困在了自己的生活中，因为一个糟糕的工作，或者相处不愉快的伴侣，或者其他随便一个什么原因。从隐喻层面上看，电影向这些人诉说了一个理念，就是对于所有人来说，总有一处理想之地在等着你，终有一刻，你会达到那里。”
"
1292052,13419259,5,绝望里长出的希望能带来无限的勇气
1292052,1211567,5,非常触动人心的经典
1292052,155618809,5,很久以前就想看这部剧，今天终于看了。最震撼的就是安迪越狱的那一段，无论是配乐还是色彩或是安迪的动作神态，都掌握的很好！从此以后，他再也不用承担本不是他的惩罚，他，终于自由了！
1292052,57542378,5,很难有一部电影能比《肖申克的救赎》能更好的诠释梦想与救赎这两个词的关联和真谛，电影予人带来心理的震撼与洗涤从未如此的深刻，主角安迪与男二黑人瑞德主辅相成的两条脉络营造了一个关乎追梦自由和心灵救赎最好的诠释，生活其实本就一直有着梦想，哪怕失败，只要能心拥梦想，便定能获得希望的救赎。
1292052,172398186,4,好多感受不能用语言表达，世界很糟糕也很美好，坚持才有希望
1291546,1190351,4,在野路子出身的张国荣面前，学院出身的张丰毅显得那么单薄
1291546,1454018,5,陈凯歌可以靠它吃两辈子饭了，现在看来江郎才尽也情有可原
1291546,1552466,5,他竟当面一语点破：虞姬是真虞姬，霸王是假霸王。
1291546,2254558,5,就凭这个，我愿意原谅陈凯歌一切的烂片 你只要伟大过一次就可以了 就凭这个 哥哥你是我心中永远不朽的传奇 你是全世界最大的角儿
1291546,1123543,5,"不解,拍出过霸王别姬的人怎能拍出无极来"
1291546,4259510,5,这真的不是电影，而是人生。如此真实深刻地反映了从抗战前夕至文革的那段历史时期下命运凄惨的人们，渗透在每一个细节，包括那个不能忍受戏班虐打的孩子，而文革中六亲不认，人格扭曲更是展现到了极致。当然最赞的是哥哥的表演，如此悲哀可怜的蝶衣让人心痛，不疯魔不成活，人戏不分，现实的他也是如此
1291546,1417227,5,仨小时的电影，我没上一次厕所，一直专注的在看，除了牛逼我想不出其他的词儿了。直男对于gay来说终究是祸害，他们不敢爱，面对自己的感情畏畏缩缩，伤了别人还假惺惺。每个人都演的很好，蒋雯丽虽然出场不到半小时，也是把角色诠释的淋漓尽致。这真是陈导的巅峰之作了。
1291546,1182135,5,最优秀的中国电影
1291546,1142582,5,君王意气尽 贱妾何聊生
1291546,1781395,5,往事不要再提，人生已多风雨。纵然记忆抹不去，爱与恨都还在心里。真的要断了过去，让明天好好继续，你就不必再苦苦追问他的消息。爱情他是个难题，让人目眩神迷，忘了痛或许可以，忘了你却太不容易。我对你仍有爱意我对自己无能为力。
1291546,1005928,5,人戏不分，不疯魔不成活。
1291546,1793566,5,"蝶衣于台上贵妃醉酒，头顶忽撒下无数抗日传单。灯骤灭，台下喧哗。没有人再顾及台上的贵妃。唯有蝶衣，继续着未尽的绝美舞步丝毫未曾停滞。一片混乱之中，也唯有四爷，独自于楼上包厢继续丝毫未曾分神。看到这里感动的一塌糊涂。结尾处“我本是男儿郎,又不是女娇娥”真的落泪了。纯粹坚持的2人去了"
1291546,2415402,5,我記得我標記過這部片子的啊！——我以為這是國產電影的開始，誰知道是結束。
1291546,1338358,5,你凝视你的脸，几亿人在爱恋。
1291546,45436548,5,菊仙是个好女人
1291546,1723626,5,城头变幻大王旗，一个《霸王别姬》，一个《活着》，道尽中国现当代史，百年内无可超越。
1291546,3540441,5,往事不要再提，人生已多风雨。他是霸王，你是虞姬，“我本是男儿郎，又不是女娇娥”，万丈红尘蹉跌走过半世纪。寥落繁华不由己，十万春花如梦里。剑还给你，命也还给你。“君王意气尽，贱妾何聊生？”陪你唱罢这出、我便离去...
1291546,2449166,5,凱歌也曾NB過，那時風華絕代的張國榮也還那麼年輕……
1291546,1748889,5,   那些渴求永远的人，悲都悲得分外妖冶。
1291546,1043455,5,因为这个电影，从此后对有金鱼出现的影片格外地关注。鱼所代表的意义太多了。流泪在水里的鱼，无性别的鱼，离了水呼吸不了的鱼……
1291546,3114870,1,充满自我感动。完全没有对艺术的热爱或者对时代问题的反思。
1291546,1895572,4,"被“历史”绑架了的两个小人物……

《活着》和《霸王别姬》不是中国电影的起点，而是终点……"
1291546,1102125,5,一笑万古春，一啼万古愁 2008.12
1291546,154019316,5,1993年戛纳金棕榈大奖，国际影评人大奖。华语电影唯一一枝金棕榈，陈凯歌同学笑傲多年的资本。确实是华语电影的巅峰之作，以京剧为剧情发展的主线，比《活着》更具艺术性，给人印象也更深刻，特别是张国荣的倾情演出。
1291546,1285526,0,风华绝代
1291546,45811878,5,耗尽了陈凯歌一生的才华，成就了一个痴情的程蝶衣。
1291546,1049746,5,重点不是时间的流逝，而是一个理想主义者的死亡。哥哥最好的电影之一，已经不能仅用一个演员来形容他。关注历史背景的戏剧性潜力，关注政治现实对个人生活的影响。
1291546,1000152,4,不疯魔，不成活
1291546,2172885,5,翻译成再见我的妾实在是太酷儿了。。
1291546,1019159,4,"它已经存在了15年，我现在才去看它。
小时候的部分，有些不够自然，后面倒是越看越入戏了。
段小楼的个性颇有点让我厌烦，顶着个英雄的皮囊，其实最不懂事。

电影结束的时候，很想听张国荣版的《当爱已成往事》，
对张国荣从来没有特别的感情，也一直只听林、李版本的那首歌，
可经过电影的铺垫，彻底推翻过去的喜好，
张的版本变成了电影的延续，仿佛程蝶衣还在那低低的说话一般，缠绵悱恻，绕梁三日。 "
1291546,1420697,5,大家只记得程蝶衣，明明菊仙才是更值得品味的角色啊，到最后，一直保留了善良的人只有她一个。生活太难，为了什么而活的内核决定了每个人的命运，再聪明的人都挨不下去，最后剩下的便都是乌合之众
1291546,1222022,5,哥哥艳不可当
1291546,150292300,5,这一部，给五星是不够的，但我不敢再看一遍了。
1291546,1339093,4,备课三刷。一边看一边想，如果拿掉张国荣，剩下的东西里，还有几分成色？是不是陈凯歌日后有的一些坏毛病早就埋下种子了？但是，没办法，一个疯子，又遇见了成全他的角色，干柴烈火，谁也挡不住。所有人都被他带的颠三倒四的，这就是角儿，一种迷人的暴力
1291546,171513759,4,哥哥的经典之作，今天又看了一遍，好看。哥哥将程蝶衣诠释的非常灵动。这部也是陈凯歌导演的巅峰之作了，要是陈导都是这个水准的话，那。。。
1291546,2501657,5,今天才看完整这部故事。我本是男儿郎，又不是女娇蛾。电影柔情似水又剑锋直指。若不是太多人关注的是蝶衣与小楼的情感纠缠，恐怕，恐怕也是被禁之物。那黑暗中的最后一剑，又替多少人，了了不敢之愿。
1291546,1106293,5,“当他还是一个孩子的时候，他的京剧师傅们对他进行无情的毒打、洗脑，逼迫他承认自己具有女性性格，而实际上他没有。如果他有的话，师傅们也不用毒打他了。所以，由于被迫生活在一个谎言之中，他痛恨所有的谎言，无论是个人的还是政治的。从那一点开始，故事中的所有冲突都起源于他说真话的欲望。”—罗伯特麦基
1291546,1030253,5,观众与其说是被悲欢离合的故事本身打动，不如说是被故事背后那段国人集体回忆的历史所打动。没有那跌宕起伏的历史背景，衬托不出人性的真实，也构成不了凄美的故事。家国情怀是陈凯歌骨子里的使命感。单纯的儿女情长他做不来。【电博】20081129，第3次。【讲堂】1211，第4次，大陆版，无字幕无主题曲。
1291546,73773119,5,"我以为现在已经很难看完一部三小时的电影了，原来并不是，只是现在的电影不值得而已。这样一部快30年前的文艺片，近三个小时全程看下来一点不觉得无聊，不愧为经典。
由于是在B站观看的，观影时可以打开弹幕，感触就更深了，现在的人们一边骂着小四，一边又做着和小四无异的事情。高喊着口号，人均“五十万”，“拜登经费”，“退国籍250”……甚至wen'ge都可以洗了。也不明白他们是怎么做到这么割裂，怎么说服得了自己的。也许这就代表，wen'ge确实做得非常成功。而且他们以为自己拜的是劳动人民？不过是新的袁四爷罢了。
只是感叹，1993年就能诞生这种作品的这片土地，今后再也不会有这样的作品出现，人们不再需要戏曲，也不再需要文艺。听戏的大人们正襟危坐，并不在乎戏曲的故事讲到了哪里，只要最后可以给他们一个舞台唱赞歌就行了。无奈且悲哀。"
1291546,63688511,5,最好的华语片，最好的张国荣。
1291546,2682599,5,既是经典，何须多言。
1291546,170332769,5,"1.前任3、后来的我们，1年见好几部
2.湄公河行动、唐人街探案，1年见一部
3.复仇者联盟、侏罗纪世界，2年见一部
4.我不是药神、摔跤吧爸爸，5年见一部
5.美丽人生、活着，10年见一部
6.泰坦尼克号、大话西游，15年见一部
7.霸王别姬，50年见一部"
1291546,1474975,0,请再给我一个昏暗场地和一个下午
1291546,128135194,5,在程蝶衣说出我也揭发，揭发这良辰美景美景奈何天的时候，我哇哇大哭，这部电影最震撼我的不是不疯魔不成活不是唱一辈子戏，而是时代的悲剧洪流下，我们无所幸免的人生，艺术的信仰者被迫成为了艺术的出卖者，在那个悲剧的时代，他连为艺术殉道的自由都没有。
1291546,4810525,5,在结尾指向性极强的背景乐中主题昭然若揭——是谁毁了戏，是谁毁了中国精妙绝伦的古典文化。同时很讶异这片子没被封禁。
1291546,151742630,5,小说原著是典型的李碧华，恩怨情仇，锋芒锐利。但改编成电影之后变得厚重沧桑。现在想来，除了备受赞誉的主角团之外，葛优塑造的戏霸真是太有性格了。
1291546,1060869,5,不到园内，怎知春色如许
1291546,86208468,5,听说葛优比张国荣小一岁。。
1291546,62675594,5,2002年初冬的烟台，一个人看完了一个故事。似乎一转头的功夫，就已经成熟。很痛的东西在一个血腥的年代凝固，找不出更合适的话来抒发酸楚。
1291546,145501732,5,五分。一腔一调，一画一景，一颦一笑，两个角，四个时代，半个世纪。演员演技不用说了，哥哥每次都是和人物水乳交融，已经分不清是张国荣还是程蝶衣。导演牛，中国电影的巅峰
1291546,1999864,5,我的最爱！我的最爱！
1291546,52623934,5,虞姬是真虞姬，霸王是假霸王。不忍心看第二遍。说好的一辈子，少一年，一个月，一天，一个时辰，都不算是一辈子。
1291546,155704359,4,“我本是男儿郎”到“我本是女娇娥” 程蝶衣的执着 一旦认定 就一辈子不会改变 他想跟段小楼唱一辈子的戏 差一天 差一个小时 差一分 差一秒 都不是一辈子 人生如戏 小楼可出可入 蝶衣却入戏不出 而你 又是谁 是小楼 还是蝶衣？
1291546,169431934,5,陈凯歌导演最好的作品，反复看，现在的陈导还能有这么好的作品再现吗，无极和妖猫去看了，差距有点。希望陈导下一部作品能重现当年风采。
1291546,1386404,5,陈导拍完这片真该激流勇退，给自己留个美誉告别影坛，金盆洗手永不再碰胶片
1291546,152658927,5,不愧是陈凯歌导演的经典之作，蒋雯丽出场不过几分钟，却是我对她记忆最深的一部作品，眼波流转道出了那个年代风尘女子的心酸与无奈。
1291546,58206795,5,"不愧是最优秀的中国电影。

每一个角色都演得很出彩，张国荣则是完全入戏了，可叹虞姬、程蝶衣、哥哥，戏里戏外性格和命运惊人相似。

剧本写得太好了，这个要大赞~

剧中人物的情感纠葛、人生经历和中国从北洋政府到文革结束的充满动荡与血泪的历史相结合，演绎出了一部感人肺腑的传奇。

电影中文革"
1291546,96404793,5,无法超越的经典，心疼程蝶衣，虞姬和假霸王永远不可能在一起。
1291546,202935968,5,感觉五星也是分等级的，这部电影拉高了我对电影的打分标准，如果给这部电影打五星的话我情愿把以前打分的电影都降低一颗星。
1291546,1819911,5,虽然已经非常出色，但还是看得出陈凯歌不是大师，镜头处理上不错但远未臻于化境。优秀的剧本和演员才是本片成功的最大元素。如果说大陆最优秀的电影就是它，总觉得还是有几分不满意。
1291546,163942967,5,重温经典！人生如戏，戏如人生。戏有几多生动，人生就有几多沉重！
1291546,179776673,5,我特别喜欢菊仙。巩俐特别好看，真的漂亮。菊仙是个有胆色但是又慈爱的凌厉女子。拿着宝剑救蝶衣，蝶衣犯病时抱着他和最后从火堆里捡宝剑。她有些思想可能被旧时代禁锢着，但是她真的好勇敢，也很善良。在她崩溃之际还护着蝶衣的心，护着蝶衣与师哥的维系。她很好。这部电影另外一个惊叹的地方是时代特征的描写，铺天盖地，汹涌而来，简直是我印象中大胆不过的描写。汹涌的红卫兵队伍和迎接军队的戏园，难以忘怀。最后，通过影评，我发现了我一个理解错误（军队进戏园），以及原来真正让人惊讶的电影是在“三流小说”的基础上开出花来。2h44min，我没有觉得煎熬与漫长，在最近的观影经历里挺难得的。
1291546,172458838,4,张丰毅，张国荣和巩俐的表演都很吸引，印象最深刻是巩俐被游街时脸上那种失落又仿佛看透一切，毫不在乎的表情，深深震撼了我。
1291546,61797911,5,一直以为霸王别姬是一部讲述同性爱与分别的故事，没想到却是关于时代洪流与背叛的悲歌。
1291546,49290419,5,那个一辈子活在戏中的人，就这样恍惚了一生。华语电影的杰作。
1291546,60198364,5,今天真想你啊，张国荣先生。看到了一个娱乐圈文，里面的男主被作者形容为风华绝代，我就在想，风华绝代的你，是不是正在另一个世界琢磨着电影，打磨着好歌呢？
1291546,56810987,5,我觉得这部电影很震撼是因为蝶衣有的时候的心思和举动会让我觉得很不舒服，还有一些很尴尬的处境，看着胸闷。可能是习惯了主角就是心地善良大好人的路线。但是这样反倒更真实，就像自己生活当中有时也会对某些人使坏，有时也会碰到一些让自己失态得很夸张的事。很少碰到让我反应这么大的电影。
1291546,4416375,5,怎么看，都是泪流满面。人生就是一出戏……怎奈何，霸王别姬
1291546,172495174,5,“说好了一辈子，少一年、一天、一个时辰，都不是一辈子。”虞姬是真虞姬，霸王是假霸王。哥哥最经典的电影之一，人生如戏，戏如人生。
1291546,169152659,4,一部经典之作，哥哥的扮相让人惊艳，对于艺术的追求让人印象深刻。虞姬就是程蝶衣，程蝶衣就是虞姬。
1291546,139532850,5,虞姬是真虞姬，霸王是假霸王
1291546,147094621,5,一部电影可以让观众感受到“戏如人生”足以证明这部电影的经典。不是张国荣的粉丝，但是张国荣绝对是这部戏的灵魂。通过一部戏认识一个人👍
1291546,169169663,4,这部剧让我见识到了哥哥的演技！不愧是一代风华人物，说了是一辈子，少一天一分一秒都不是一辈子！👍真的很酷，要是现在还活着，该多好
1291546,1176223,5,我非常非常喜欢的一部电影
1291546,4640303,5,可怜蝶衣似荼蘼。
1291546,146074764,4,很不错的电影。【一个个都他妈忠臣良将的模样，那日本兵就在城外，打去呀，敢情欺负的还是中国人。】过了这么久，这句话依然适用，也不知道是不是悲哀。
1291546,1387717,5,重看。给巩俐加戏是对的，她演得最好。袁二爷对程蝶衣是真爱。嫖客群惊现黄磊。结尾吴大维演了个红卫兵，后来他又在《鬼子来了》结尾演了个国军军官。
1291546,156260866,5,一部电影，一份感情，一段史诗，解刨人性，感悟自我！
1291546,3133031,5,读了原著，又看了电影，一出霸王别姬，多少儿女情长啊。
1291546,177253410,5,终于明白了世人为何都爱张国荣。哥哥赋予角色永恒的生命，这才是真的风华绝代。我想虞姬即使自刎于剑下，那一刻，她亦是幸福的，对望的眸中，她看到生死相许的来世。所以无怨，也无迟疑。
1291546,115657337,5,文化大革命来了，一切真的都颠覆了？革文化的命，对文化进行批判，打破固有的一切文化。或许如果这只在学术界进行，只是行而上的批判是好的，可是当权力掌握在了不成熟的头脑发热的人的手中，也许就变味了。没有了文化，没有了标准，没有了历史，每个人都可以是他想是的了，最终，也就什么都不是了
1291546,168284371,5,袁四爷后，最懂蝶衣的大概是菊仙了吧。两个深爱段小楼的人，只能把一切不幸和错误归咎于对方，舍不得怪那段小楼一分一毫……
1291546,78578831,5,既是经典，无需多言。讲述了历史，立住了人物。
1291546,153199964,5,感谢原著，感谢向陈凯歌推荐改编成电影的人，这就是陈凯歌几十年来的巅峰了。谁说程蝶衣是真虞姬，程蝶衣明明就是真霸王。都说段小楼是蝶衣的霸王，霸王明明就是蝶衣心中师兄的样子啊。
1291546,163226117,4,还可以情节很饱满。很残酷的现实悲情的人生
1291546,152561400,5,师傅说，人总得自个儿成全自个儿。可是，回首这一生，他就从来没有成全过自己。无论过去多少年，经历多少变迁，他还是那个哼唱着我本是男儿郎的小豆子，站在热闹的街头，看到冰糖葫芦依旧会恍惚一瞬。霸王别姬，真虞姬，假霸王。蝶衣蝶衣，世间再无程蝶衣。
1291546,156941004,5,永远的哥哥，永远的张国荣
1291546,151621608,5,风华绝代。我本是男儿郎，又不是女娇娥。
1291546,1061944,2,少年戏份大致还行，后面故事则是一团乱麻。首先立足点大有问题，然后两个主角太被动，总因时代之变而变，其中很难确立一个不变的内核，性格因而浮于表面，与时代之多变交织在一起，就脱不了机巧之嫌，也就是为做戏而做戏。视觉风格则较为突出，但语言层面上并无建树，有些过“实”，故事其实也有这毛病
1291546,1074067,5,没有道理不喜欢的.
1291546,153183067,5,"剧中的程蝶衣分不清戏和人生，现实中的哥哥何尝不是这样。哥哥的死让人悲伤，但生活中总有这样的人，他们因为太爱一个事物导致到最后忘记了自我，这样的人在我们开来是痛苦的是不值得的，但至少在他们心里自己是快乐的。霸王别姬，我最爱的电影之一

"
1291546,4285566,5,【豆瓣第1700部】虽对张国荣无感，但必须承认电影是神作。淋漓尽致地展现了角色在时代变迁与政治事件的漩涡中的挣扎。除了叙事推进较生硬刻意外几乎完美。各主演和配角的表演都非常努力出色。尊龙和张国荣都以非科班的出身演绎了妩媚的男同戏子与完美的《贵妃醉酒》/20171106台北金馬影展
1291546,172705882,4,喜欢哥哥很多年了，一直觉得霸王别姬他和张丰毅老师演绎的这段感情至今是最难以撼动的别样情愫。他饰演的程蝶衣敢爱敢恨，虽身为男子却把女人的柔媚演绎的淋漓尽致。哥哥，你是我心中永远的程蝶衣。
1291546,51415144,5,说的是一辈子！差一年，一个月，一天，一个时辰，都不算一辈子！
1291546,153106464,5,惊艳 哥哥真的是一举手一投足都是满满的风情 当初看完的时候 哭了 心里很压抑 有对那个特殊年代的憎厌 却又无能无力 拍的很精致 看过为数不多的国产好电影之一
1291546,152930642,5,张国荣，一代传奇，是一个不可多得的演员，一个天生的演员！他把程蝶衣演绎的让观众随他喜而高兴，随他怒而伤心！真正的把角色与自己融为一体，让人看的欲罢不能！
1291546,51061132,5,都说人生如戏，而真正在活戏里的那个人却在结束生命前才回到了人生，＂我本是男儿郎，又不是女娇娥＂少了最后那几分钟，等于少了一辈子，风华绝代的不仅仅是程蝶衣，还有张国荣，拍出霸王别姬的陈凯歌，以及真正的中国电影
1291546,155716594,5,借了戏子的眼，看了近代的人，与其说是情情爱爱，不如说是对这段飘摇百年史的审判。也难怪近年的电影无出其右，陈导赶上了好时候，这台词放现在能砍十回头。
1291546,157237265,5,每看一次，每次都久久无法自己，惋惜哥哥的大好人生。
1291546,158123544,4,角色与现实，这是两个世界，但并不是能完全分隔的，因戏生情的很多，张国荣敢于接受和挑战这个角色，也是他内心认同这个角色的原因。
1291546,1002682,0,风华绝代
1291546,60599665,5,半世浮萍随逝水，一宵冷雨葬名花。每一秒钟汗毛都是倒竖的。第一流的作品总是很难评论，因为它面面俱到的优秀，很难理出一条线来。口音，场景，打光，背景音，过场人物如张公公，老师父，青木，配角如袁四爷，经理，小四，还有最众星捧月的三大主角全都优秀。这不能写影评，只能写论文了。
1292720,2018008,5,羡慕珍妮，不管她多么叛逆、落魄、堕落，永远有阿甘在等她回来
1292720,1005928,5,妈妈说，生活就像一盒巧克力……请不要再续下一句，耳朵听的起了茧子。
1292720,152930642,5,傻人有傻福，实际上并不是这样的。在我看来，阿甘的妈妈才是最伟大的人。很多普通人把低智商的孩子早早就放弃了，不让上学，不与别人接触，也许是为了保护自己的孩子，但是这样以后孩子就等于废了……
1292720,1094759,5,每年看一遍，每年哭一遍，看看自己幸福还是阿甘幸福！时间：从2003开始每年一遍
1292720,1447018,5,Mama always said life was like a box of chocolates. You never know what you're gonna get.
1292720,1123004,5,重新再看一遍，觉得奥斯卡当年颁给《阿甘正传》而不是《肖申克的救赎》，还是对的……更广阔，经得起各种解读，每个人都能找到自己的点。
1292720,1000152,5,阿甘奔跑的意象，应该留在了很多人心里。
1292720,2093566,5,"you are my girl.
"
1292720,154019316,5,"这是一部美国典型的反智题材电影。聪明的人未必一定能成功。阿甘的智商极低，却情商极高。他一直怀着单纯的心，做了在别人眼里了不起的事，也尽力照顾身边的人。
成功充满必然与偶然。
人生就像是一盒巧克力。
最经典的两句台词
"
1292720,54793495,5,这部电影的主题是：“保守主义始终代表美国先进生产力的发展要求，始终代表美国先进文化的前进方向，始终代表美国最广大人民的根本利益。”
1292720,1314492,5,我生命里最温暖的一部电影
1292720,34503915,5,"十年前看过一遍，那时还是一个小屁孩，就像Forrest的妈妈说的一样，生活就像一盒巧克力，十年前的我绝对不会预料得到现在我会成为一个这样的大男生。Forrest Gump真是把""蠢萌""这两个字发挥到极致，我的意思是，蠢萌，其实也是上帝给予的天赋。"
1292720,1418881,5,人生就像一盒巧克力，你不知道会选中哪一颗。
1292720,2065435,5,又是七年后，重温一遍。上帝是仁慈的，妈妈走了，珍妮走了，朋友走了，可是给阿甘留下了一个孩子。要是没有孩子他该怎么活下去。也是电影的仁慈。
1292720,2211721,5,遇见阿甘一般的男人是一生的梦想
1292720,1025094,4,他的十二支船，每一支都是她的名字。她走后，他只得跑遍世界的每一个湖泊和沙漠来思念她，只等她一声召唤便死心塌地的回到她的身边。好莱坞编造一个这么纯粹的故事，让我们看到我们所拥有的感情，是多么的残破不堪。这简直是残忍的，不道德的。
1292720,3540441,5,我一直记得那根羽毛
1292720,153170317,5,"上中学时看的剧，印象最深的是那句：""Run! Forrest! Run!"" 然后，他就跑出了自己的阴霾，跑出了崭新的人生~非常励志的一部剧，让我重新审视自己，让我更有勇气！"
1292720,155986714,5,这当然是部励志电影，但我也觉得是部教育电影。阿甘智商底下，思想单纯，所以他的成长环境很重要，需要三观正的人来引导他，显然他是幸运的，他娘和他女朋友在他成长过程中给予他足够的爱，鼓励他，支持他，让他辨别善与恶，才成就了他，给他娘和女朋友三颗星，值得我学习
1292720,1791144,5,"life was like a box o'chocolates. You never know what you gonna get ！ 
"
1292720,1120462,5,一切尽在不言……我人生的第一部电影
1292720,1075860,5,真他妈的经典啊！！！
1292720,3476889,5,好电影：平庸——神奇——惊叹——返璞归真。
1292720,48954377,5,可我还是觉得他很孤独。跑得太快的时候没人跟上他，停下来的时候身边的人一个一个都离他而去。
1292720,1007355,0,"电影开篇,就告诉了人生的真实意义，就是羽毛,你无法决定和选择将要遇到什么,只能随风摇曳,在空中尽情的舒展美好!"
1292720,153935526,5,这是我永远也达不到的人生。我不够坚定 也不够坚持。
1292720,51818484,5,从个人成长史透析美国政治社会史，从人性深处的角度还原一个最纯粹善良的爱，和最坚定而简单理想。在阿甘身上能够去审视我们所谓“正常人”的种种弱点：怨天尤人、虚荣、贪婪和自私。它是一座简单却又深刻的催泪反应堆，无不令观者动容。每次看都无法抑制内心强烈的感动。9.2
1292720,1169642,3,说实话，我没看到影片过于励志的内容。只看到阿甘利用了他的天赋，并成功了。当然，他很执着，很善良。
1292720,1152108,1,痴人果然说梦。受不了这样的世界观。
1292720,63688511,5,只要最后那个人是你，等待就是值得的。
1292720,145491130,5,经典励志电影。母亲真的很伟大。
1292720,4096555,5,众所不周知，这并不是我认为的“励志片”。阿甘只是美国过去时代里“人”的反面典型，他的偏差因为稀缺，拿到了大学文凭，稀里糊涂参了军，参合了别人的开船捕虾梦，救了人，见过几任总统。他不知道规则，他不怕死。他爱吃冰激淋，他爱吃巧克力。他是跑步、打乒乓的天才。他有一个不视他为另类的妈妈，还有一个一度若即若离的亲梅竹马。谁能想到1994年，美国的电影制作已经这么精巧，令人不可思议。无数个笑点儿之后，那个曾经抓不住的女孩儿还是走向了他，死在了妈妈的床上，埋在了小时候一起玩耍的大树下。Jenny，她再也无需飘零。所以，这根本不是励志片，就像真正的跑步并没有具体的意义一样，它就是我们穷尽一生的未知旅程，起于开始，终于结束，恍如风中的羽毛。
1292720,2431044,5,每次看阿甘都还会感动，让人觉得世间的一切都那么美好，每个人只要守护着自己心中的信念坚持下去，就会拥有美好的未来。纯粹的追求，才能快乐。
1292720,1074067,5,人人都该看!!
1292720,168467329,5,泪点低，看一次哭一次，前天下午我们英语老师又放了一遍，还是那样的感动
1292720,156260866,5,无论身在何处境，看到阿甘似乎都能烟消云散！电影虽有些梦幻色彩，但却充满了人生哲理！
1292720,1005588,0,不看这个，相当于没看过电影
1292720,1386174,4,太甜美的美國夢
1292720,172924438,4,《阿甘正传》总觉得有点伪心灵鸡汤的感觉。阿甘人生处处开挂有点不真实，相比较来说更喜欢《肖申克的救赎》。
1292720,140581573,4,电影以一个虚构的人物阿甘为主线巧妙的融入了越南战争，水门事件，总统被刺，乒乓外交等多项历史事件，以一个小人物的视角看待历史问题，故事采用阿甘对白的方式讲述故事。电影展现了阿甘的乐观坚强，以及感染了周围人，相对来说还算励志。
1292720,10969301,5,每人都有一部启蒙电影的情结，小时候看阿甘双VCD被深深震撼，艺考时又靠它获得专业第一的成绩，开始了新的梦想征程。//刚学电影时觉得小时候喜欢这种烂大街的片子逼格太低、很羞耻，不明白为什么考官给我那么大的鼓励，现在年纪越大越觉得，主流经典才最耐看，年轻人没有天赋却总想着炫技才可怕
1292720,168796142,5,智力75足够过好这一生，just run run run。不要再左右摇摆，去相信朴素的人生智慧，然后执行执行执行。
1292720,153106464,5,很励志的故事 高中的时候看的 看完对于当时的我来说起到了很大的激励作用 而且演员演的特别好
1292720,144280211,5,"They laughed a little louder; they cried a little softer; they lived a little stronger; because they stood together, Family."
1292720,4403626,3,美国梦史诗，但在看似浮华的场面背后依旧是不堪一击的羸弱，完全过场版的故事走向，为了把那些历史的节点串在一起而刻意斧凿的剧情实在很冗杂；坚决反对这种投机倒把的行为。
1292720,45134592,5,奥斯卡得的实至名归，以戏谑的方式调侃美国还蛮有趣，我几次被感动的要哭哇，果然我的审美还是比较主流化
1292720,172656583,4,人生就像各种各样的朱古力，你永远不会知道那一块属于你。总体来看整个电影的情节非常好！连贯！演技也好！故事给人的印象非常深刻！
1292720,145501732,5,上周重温了这部电影，开头10分钟就抓住了我，还开通了天猫月付费用户。这次看又是不一样的体会，导演拍摄剪辑手法很利落，大部分的时间都在铺陈主人翁情绪，演员演技不用说。沉重的事情讲的轻松，但却深刻，不乏泪点。历史是另一条叙事线。
1292720,172446344,5,有许多人说，阿甘是傻人有傻福，但是，他奔跑的意义，我相信所有人都记住了，阿甘是坚持的，是努力的，这，已经够了!
1292720,158123544,5,前不久刚在优酷上重新看了一遍，年青时看的感觉，和人到中年在看的体会确实不同，无法说清，有空要陪孩子在看一遍。
1292720,46369430,1,看了好几遍（每次看了十几分钟就坚持不下去了），一部电影到现在还没看完。今天果断删除之，对比鸡汤文，阿甘正传乃电影届的鸡汤大师！不喜欢。
1292720,80915199,1,Republican history porn
1292720,153257222,5,之前看了两遍，现在英语老师推荐又看了一遍，为了练英语可能还要再看很多遍。阿甘活成了大部分人想活的样子，他的人生似乎充满了幸运，让人看了不得不惊羨。看似偶然，其实理所当然，就像龙应台所说，偶然注定下一个必然。他一直保持着本心，他的真挚让生活回报给了他珍贵的珍妮和小福尔斯。
1292720,134615933,4,看完有些伤感，为什么相爱却不能相守，阿甘在别人眼里很成功，但那到底是不是他想要的
1292720,139611792,5,看了两遍，好电影就是这样，百看不厌。每一个成功了的人都有过人之处，成功是结果也可以是过程。喜欢阿甘这样的人，他善良，纯粹，为他人拼尽全力，为自己拼尽全力，他的人生非常的绚烂夺目。
1292720,1128980,2,蓝光重刷。右翼政治观点非常突出，戴锦华的意识形态分析是选的这部片子为例，自由主义的女朋友历尽坎坷早早死掉，不过给阿甘留了种；而智商75的弱智阿甘本身并没什么政治倾向，他做事的一根筋顶多是种原教旨主义的疯狂，电影的政治表达放置在他一生的经历中：他因为服从而成功（因女朋友的话而跑进橄榄球队；听战友的话搞捕虾生意），无意中不断弥合美国各阶层的分裂，直至最后成为神性代言（随随便便多次见美国总统、迈入巨富阶层，在最后以众多追随者的耶稣形象环美长跑达到高潮），是不合逻辑、导向强烈的美国梦偶像。当然这种傻乎乎的美国梦电影也只是特定历史时期的产物了，本片也延续了泽米吉斯融合多种类型片的偏好。时至今日重看，仅就其中的爱情线而言，本片主要启示你——要拯救一个原生家庭有问题的女人，你需要运气爆棚财大气粗才有可能了
1292720,160848956,5,我不觉得人的心智成熟是越来越宽容涵盖，什么都可以接受。相反，我觉得那应该是一个逐渐剔除的过程，知道自己最重要的是什么，知道不重要的东西是什么。而后，做一个简单的人。
1292720,139479815,3,说实话，并不是很喜欢这部电影，无趣，几度想关了电影，不懂经典的点是在哪里
1292720,174057527,4,这部电影很棒，居然还有很多人说看不懂，说看不懂的人说明你的经历太少。阿甘只是忠诚善意地对待身边的每一个人，他也只是专心专注努力的做好每一件事情，所以他才能成功，活好当下是这电影要传达的信息。
1292720,1917438,3,其实好多经典电影我都觉得一般般
1292720,89667311,4,高中英语课放了一次，大学思修课放了一次，还让我们写观后感，无语。。。老师咋都在放这种电影呢
1292720,133022752,3,也许是之前看的时候太仓促 让我觉得这电影演的也仓促 除了一些经典语录外真的没啥感觉 但评分这么高一定有原因 待我二刷后改观来改分😂
1292720,2704850,4,想起是在某人的电脑上面看的就恶心  而且他还不愿意发给我
1292720,153141721,5,生活就像巧克力，你永远不知道下一颗是什么味道。很伟大的母爱，很温情的电影。
1292720,4285566,4,【北京电影节展映】七年前一刷曾认定此片是“傻人有傻福”的伪励志。如今二刷大银幕IMAX版，其实就是一部温情喜剧。在这个故事中，是跑步天赋、内心善良与好运福气三者共同成就了阿甘人生里的成功与幸福，三者缺一不可。编剧以戏谑恶搞的方式，将阿甘的经历与美国50-70年代重大历史事件及流行文化结合起来，虽有些牵强倒也不必严肃看待。羽毛、乒乓球、断腿、历史视频等CG特效处理运用恰如其分，低调朴素。
1292720,156004677,5,始终记得在那条马路上他奋力奔跑，直到甩掉那畸形的固定器，很多年一直鼓励自己，没有什么不可以做到的，只要你愿意去努力。
1292720,47893175,5,在影片的尾声中，阿甘在詹妮的坟前倾诉道：“我不知道究竟是人各有命，还是随风飘零全凭偶然。照我看也许是都对，也许是两个都有。”阿甘，这位弱智者终于将观众领到了“哲学的高度”，他不仅创造了历史与现实中“不可能的和解”，而且还协调着关于历史叙述的两种基本态度。——戴锦华《电影批评》 。
1292720,150207756,4,人生就像开头和结尾的羽毛一样，随风漂浮不知道下一时刻会在哪里?找到人生的信念与坚持才能成长。阿甘的精神永远值得我们学习。
1292720,3206680,4,如果比较原著的话，你会惊异于编剧的改造功力，硬生生将一个讽刺小说改编成为一个温情电影。这个电影有趣的地方还在于它实录了美国不同年代的许多社会事件。
1292720,162687415,5,没有说教但又那么励志
1292720,63997678,5,life is like a box of chocolate.
1292720,153244660,5,看完以后深深印在脑子里的画面是影片刚开始飘落的白色羽毛和阿甘笨拙的奔跑身影
1292720,159554689,4,那片飘在风中的羽毛，那个一路奔跑的男孩，就这么进入你的心灵。
1292720,145790989,5,"做自己，是唯一的梦想。
                                     
"
1292720,1211567,5,温暖而励志的片子，经典
1292720,156941004,5,坚持最动人
1292720,172495174,4,记得这部电影是老师放给我们看的，还写了观后感，很怀念。人生就像巧克力，你永远不知道选择哪一块。
1292720,52623934,5,Mama always said life was like a box of chocolates. You never know what you're gonna get.
1292720,155737527,5,"you are my girl 我听过最动人的情话 一生的痴守 被阿甘喜欢的Jenny真的很幸运吧 
阿甘很厉害 奇迹在他身上出现 而他也创造了奇迹 "
1292720,3102809,4,有些事情明知太过理想化，还是忍不住向往
1292720,156315362,4,"當一個人的思想是一條直通道路時,幸福多於悲慘.沒有拐彎抹角的想法,單純也許更快樂.汤姆·汉克斯~~影帝不愧為影帝,這慢條斯理的表現整個貼近阿甘這個角色."
1292720,51415144,5,当你奔跑起来，比羽毛还要轻盈
1292720,2552755,3,完全无感……不知道为何口碑高到这种程度……
1292720,155618809,4,总结阿甘的人生，觉得他很幸运，从军队到做生意，就像开了外挂似得，幸运之神一直在眷顾他。但是在感情方面就没这么顺利了，在母亲，爱人，朋友方面都受过挫折
1292720,158679347,5,这部片子我当时到处推荐了好久，我认为是美国最好的喜剧
1292720,13419259,4,励志类电影的经典之作，当迷茫的时候可以再重温看看
1292720,1744825,0,教人很多卻很簡單的道理
1292720,33524669,5,my mother wlways say  
1292720,172419172,5,妈妈说过，要往前走，就得先忘掉过去。我想，这就是跑的用意。
1292720,1303121,0,多好的片子
1292720,96419654,5,run forest run！！感动
1292720,3083025,3,精致温情的美国主旋律。本质是男性向YY爽文，主人公穿越于美国历史大事件，并逐渐走向人生巅峰。YY没问题，但背后的意识形态太保守。阿甘和珍妮的不同命运，几乎是对60年代平权运动的冷嘲，而阿甘对珍妮的埋葬也就是美国对自身60年代历史的埋葬。剧作是优美的，剪辑是巧妙的，独白是深情的，汤姆汉克斯的表演造型是完美的，但影片的价值观是可疑的。如此分裂。
1292720,2101822,4,阿甘之“傻”，并非为了塑造角色，更多是顾及广大美国观众心理的一种叙事功能性设定。试想，橄榄球跑锋、越战丛林救人、乒乓外交典型、捞虾发财暴富、穿越美国长跑，两见美国总统，以及万众瞩目下方碑水池中恋人相拥之极致浪漫时刻……这一系列不可思议丰功伟业如果搁在一位“神经正常”的普通人身上你还能接受吗？显然不可能，优点太多运气太好而近伪。所以，泽米吉斯必须要用智商之弱去平衡处世之强成就之高，此谓犹人在艺术创作中所惯用的思路：“自损兼自荣”。没有自损则自荣就显得咄咄逼人，无法为主流社会大众所接受。哪怕部分内容并未夸大其辞，现实之中确有角色原型；而没有自荣，则自损就成了尽在糟蹋自己没有必要去拍，或者即使拍了也会被视作脱离事实的矫情做作过分谦虚，而过分谦虚大家都知道就是另一种形式的……过分骄傲。
1292720,49503327,5,你要不停地跑不停地跑，你更要不停的前进，一旦你停下，就代表着落后！
1292720,163676661,5,这部电影棒极了，它让我想起了我一生中的起起伏伏。看到阿甘经历了这么多，从带领一个足球队到总冠军，到成为战争英雄，真的很鼓舞人心。
1292720,42174843,5,这是不是美国版的《活着》？
1292720,5811297,4,在珍妮和妈妈的爱护下，还有上帝给你关了一扇门也为你开了一扇窗，傻人有傻福，你遇到如此好的母亲。
1292720,57298438,5,以前我一直很好奇《阿飞正传》和《阿甘正传》的关系...
1292720,172434871,4,老师推荐看的，电影很不错
1292720,53485894,5,重温最爱电影之一《阿甘正传》时的一些泪点：1.羽毛飘落、主旋律响起；2.长大后的阿甘一直向前冲；3.阿甘最好的朋友巴布战死越南；4.阿甘母亲离开人世；5.珍妮走后，开始3年多长跑前的阿甘一个人孤单寂寞的身影；6.阿甘突然被告知自己当爸爸了；7.阿甘在珍妮墓碑前的诉心；8.大阿甘送小阿甘上学，羽毛再次被风吹起；……
1292722,1005928,5,"“我甚至连一张他的画像都没有，但他永远活在我心中。” 要敢说，这是我一直深爱的电影。

3D效果言过其实；被删裸戏无察觉；IMAX看清冰山全貌；Rose美的神魂颠倒，Jack帅的令人窒息；甲板上Jack对Rose说:I see you. 看过不下10遍，能记住每个情节、台词、人物及配乐，该哭地方还是会哭；3碟正版VCD能记住两次换碟的准确时刻；初二看完后自己经常在水盆里用水瓢演习沉船全过程…"
1292722,1316908,5,那对对死无所畏惧的老夫妇，那个不为外界干扰的乐队，那个为生而做一次假父亲的男人，那个为爱人吹响口哨的女人。都是为了一种心灵上的执着。
1292722,1552466,4,爱你原本只是一瞬，却不知在时间的洪流中成了永恒。
1292722,58930883,4,当老年的Rose午夜梦回，一个长镜头穿过大堂，摇上楼梯，站在钟表前的Jack转过身来，意气风发，潇洒倜傥，宛如昨日。
1292722,1329080,4,1998年，哈尔滨火车站地下给初恋女友买的盗版光盘。
1292722,1917438,5,将永远是我在电影院所看过次数最多、最感动、也是最好的电影
1292722,1917650,3,剧本居然收入人民教育出版社教材，可想而知对我国的巨大影响力。
1292722,153879820,5,学校组织放映的影片，大家好像对rose和jack恋爱过程猎奇，但是让我感动的一幕是轮船将要沉沦，海上乐队的绅士们整理领结，肃穆庄严的弹奏最后一曲，那一瞬间，仿佛听见一首镇魂曲在响彻。
1292722,2763975,5,"生死两茫茫
不思量
自难忘"
1292722,29786206,5,有些片子，必须得等经历过再去看。没有为爱情放弃过什么的人，不会在露丝从救生船上跳回大船的那一刻落泪。
1292722,136497929,5,我学会了吐口水，我努力的活下来了，我去了好多你说过的地方，我学会了双腿张开骑马，我生了好多孩子，我已经活到一百岁了，我可以见到你了吗？
1292722,1306803,5,一部应该被记住的电影.
1292722,1190351,4,高中时代的大片，最让我动心的是音乐
1292722,1294931,5,事隔那麼多年依然無法忘記當初的感動。
1292722,2105044,5,我想失去的才是永恒的。
1292722,1215272,5,还用说么？太经典了。
1292722,157061671,5,Rose可以为爱而死，最后在Jack的舍命相救及恳求下，选择了为爱而活，而被留下的那个人是痛苦的。到老奶奶的Rose站在船边上，把海洋之星扔回海中时，我想那是它最好的归宿了。灾难面前，有的人把生存的机会留给了别人，而有的人花钱占用了别人的机会。
1292722,1882819,5,第一次看到沉船，第一次看到正面全裸，第一次看到伟大的爱情，第一次...
1292722,97975481,4,"远程支持学校社团放映。说实话不是很能get到爱情线。男女主角之间不过是把对逃离现实的渴望投射到对方和被荷尔蒙短暂冲昏头脑的激情之爱。如果两个人真的顺利下船，ross多半会逐渐发现jack嗜赌轻浮偶尔还很暴躁而且没有足够的经济基础并以分手结局。这种烟花般的爱情只能靠死亡定格在最绚烂的时刻，才能让人感动。
相比之下，大洪水来临时无助哭喊的，一心求生的，从容赴死的，向神祷告的，信仰崩塌的，坚持道德的，自私野蛮的，寥寥几笔群像就有震撼人心的力量。
如果拍成纯粹的特效沉船片就四星了；如果有触手大海怪就五星了(
加一星给陪我一起看的人。"
1292722,3340912,4,不知为什么，今天才看这电影，但从来不急，就像任何一件人生中必须经历的事情，你知道总会到来的。那些早就从别人谈话中听来的感动和泪点，一一应中，但在此之前，终归是听来的。时间参和进去，电影不只是电影，生离死别，何止爱情。
1292722,173771809,5,打动人心灵的情感灾难片。除了男女主之间的互动，印象深刻的还有在船沉前三等舱躺在床上安详拥抱的两位老人，母亲在海水即将淹没时，拍打两个孩子入眠的场景，船上一直奏响的音乐，灾难来临时，从容赴死的船长和设计师，都让我流泪满面。
1292722,153244660,5,"""Every night in my dream, I see you, I feel you."""
1292722,1002568,2,……………是的，這種片子我也哭過。細個嘛。
1292722,65296341,5,能与诸位一起演奏 是我的荣幸
1292722,182915493,5,找不出瑕疵的神片，每一个细节都极尽完美，卡梅隆无可抑制的才华，搭配詹姆斯霍纳天籁般的原创配乐，不仅是Jack和Rose的爱情，死亡时刻乐团的演奏、船长与船共存亡的坚定、一对老夫妇相拥而眠、母亲为孩子讲睡前故事，都染上了一层浪漫潇洒的色彩。我一直认为，本片真正感人的部分，爱情只占了一半，生死间的抉择差异、烈狱环境下人性的考验是另一半，但当最后Rose将海洋之心抛向海底，Celine Dion的声音响起的时候，泪水终于无法忍耐，一切的缘由都失去了意义。
1292722,154019316,5,我所知道的爱情就是无论付出什么代价都要让你有幸福的人生， 尽管那人生我无法参与，那幸福不是我来给予。
1292722,156377387,4,不懂重映为什么非要弄成3D的……
1292722,228012959,5,"第一次哭：rose在救生艇上仰望，jack留在大船上，眼中闪着泪光却微笑着看过来。太美好了。当时魂穿rose感觉，如果我不跳回去，这个画面，就是我心中最美好的男孩子，留在我心中的最后一面。这一幕一定会成为我夜夜的梦魇，让我在悔恨中哭着醒过来。
第二次哭：rose为了彼此的诺言，争取搜救好好活下去，哭完后最终扒掉了已死的Jack在救生木板上冷僵的手，Jack慢慢坠落，带着宁静的面庞永眠海底。
第三次哭：Rose Dawson你我永不分离，我带着我们相爱的记忆，好好活下去，我之后的生命与幸福由你共享一半
第四次哭：结尾白发苍苍的老奶奶梦回泰坦尼克号，青春少女穿着洁白如婚纱的裙子，穿过金碧璀璨的梦幻廊厅，推开门后喜欢的人们都活着，笑着夹道祝福，楼梯的最高处，Jack回首，微笑，还是初见的少年模样。"
1292722,147557323,4,#cherryhill 花最多的钱，拍最甜的玛丽苏；但俗套不是问题，或者越俗越好：俗也是纯粹、真诚、不犬儒、不含杂质，而最美好之物本就注定沉没于海底，就像层层叠叠的精美盘子在慢镜下摔得粉碎，而恰恰是覆灭才让小李子在阶梯上永恒青春。也可以往坏了想，就是为了掐灭阶层跃升融合的可能，警卫沉迷于舞蹈，旧世界才如此轰隆崩塌，罪恶之人总会留下、翻来覆去还是一个样。但不管如何，卡梅隆都是下水的赏金猎人、首先爱的还是科技和奇观，而(25年后的)观众是开头说u r full of shit的同伴，这艘往昔的大船只要还能俘获众人内心、放弃三小时的愤世嫉俗，也许人类就还有救。但我每到动情处就被金童玉女、命中注定、一眼万年劝走，如此essentialize情感，看完只想跟朋友暴论：世界爱情诸多不幸，好莱坞要背大锅。
1292722,238337412,5,让我们期冀着：原来世界上真的有人无端端地比热爱生命还要热爱另一个人。
1292722,155986714,5,"you jump, i jump这句是不是超经典，这部电影是根据真人真事改编的，非常的感人，小李子那时好帅啊，很多片段都非常的经典，主题曲也是很好听，喜欢的电影当然给满分了"
1292722,152434281,5,男女主人公的爱情固然打动人心，但我也记住了当海水袭来时，有一对老夫妇紧握双手迎接死亡的瞬间，爱情的力量可以冲破一切恐惧，只因我俩还在一起。
1292722,1158676,4,哭得稀里哗啦的
1292722,171658850,4,当年的小李子真的美如画，清秀的少年郎，露丝也身姿卓越，气质很好，面容姣好。话说当年我第一次看的时候汽车那没看懂，还在想为啥有这段，有个同学还说她对这电影印象最深的是这段，搞得我一脸懵逼，然后再看一遍，看懂了好羞耻╮(╯▽╰)╭
1292722,63688511,5,第70届奥斯卡最佳影片，全球票房影史第二名，仅次于卡神的《阿凡达》，真正的口碑票房双丰收。
1292722,4583999,5,他们的爱情死在最好的时候。
1292722,94506833,5,我甚至连他的一张照片都没有，他活在我的心里
1292722,172656583,4,经典中的经典，小时候看场面宏大，剧情感人，他们的爱情让我记忆由心，好看！
1292722,153236523,5,这部大片的感染力就是，尽管看过不止一次，剧情聊熟于心，当年3d重制上映时候大家还是很期待地去看，满场的人，然后再次被震撼。 对rose和jack来说，船上那几天是人生最精彩最美丽的几天，rose也用一生来纪念他。
1292722,58206795,5,"摄影剪辑调度配乐音效场面还原都登峰造极，尽管爱情故事十分烂俗，但我就是不争气地被打动了。更重要的是，本片在深度上也绝非肤浅：对现代性和技术理性的反思、灾难前的种种人性(乐队,神父,老夫妻,查字典的外国家庭)、对生命的热爱(用最热忱的生活态度缅怀逝者,永不放弃)，片尾长镜头绝赞！（9.0/10） | 20230414 大银幕重温3D IMAX版（纪念泰坦尼克号沉没111周年），观感极佳，确乎是真正意义上的大片。泰坦尼克号成了上流社会傲慢、虚荣与虚伪的象喻，一如“永不沉没之船”首航即遇难，片中也充满了各式反讽。灾难放大了人性中的美善与丑恶，压力之下人的性格本相才会充分呈露出来。剪辑转场（尤其是素描画—青年罗丝—老年罗丝这一延长的双重匹配叠化）实在精妙。本片还是一部关于女性独立成长、超越时代的女性力量（结尾照片太动人）的杰作。"
1292722,2229006,5,“He saved me in every way a human can be saved”
1292722,140744743,5,最后，镜头拉到老人家在床上睡觉，身旁一张张照片掠过，都是她和杰哥约定要做的事情然后再进到沉船的残骸，画面从一片死寂逐渐变暖，最后进到大厅里，里面全是事故的逝者然后大堂的钟前是男主的背影，回头这才发现是女主视角旁边乐师，设计师死者复生，大家重新团聚，画面从冷到暖，接着变成女主视角，把我杀穿了，眼泪不值钱。
1292722,2644699,5,13年后，我才看了这部经典大片。美国人的商业片，从来都那么深入内心。我不可脱俗的被这场爱情感动，或者说我感动的是对爱的态度。灾难来得突然，对爱的考验也来得突然，容不得你准备，你必须用生命来完成这道题目。真爱，不会露怯。假爱，总会在灾难面前显得那么可笑。海洋没心，但你有海洋之心。
1292722,172540200,5,rose真好！为什么二十五年前就能拍出这种电影啊😭😭
1292722,189610857,5,我十二岁看不喜欢它，觉得Rose和Jack顺利地下了船，他们的生活肯定会在鸡毛蒜皮里消磨，现在觉得大错特错，Rose遇到Jack以后才开始真的活着。而Rose本来就如斯嘉丽一样，是充满生命力的人，Jack不是创造了她心中的火，而是让她点燃了，所以她可以迅速地肆无忌惮地在三等舱跳舞奔跑。1900的船伴随着“America”的叫喊声再也不会有人听他的琴，他也一直没有走下自己的船，而Rose的船却是人生的起点，后来那些灿烂的照片，Jack不是给了她爱情，更重要的是让她知道了“爱”。故事本身并不复杂，完全能理解为什么票房影史第一如此多年，你在这里能看到对电影所有的期望，帅气漂亮的演员，壮观的大场面，以及各种配角。小提琴手拉最后一首歌的时候我狂哭不止，它的细节如此之多，以至于我真的觉得那些人物是活的。
1292722,80722428,3,當船體即將一裂為二的前夕，全船的電燈極其巧合似的停滯了，如失血前的暈眩、如窒息前的睜瞳，讓人驚覺這艘船原來是活著的──全片194分鐘，唯獨這幾秒，鐵達尼號才真正顯現出它原該是主人公的存在之感，而非羅密歐茱麗葉情話綿綿的打卡佈景而矣。
1292722,172408950,5,"这是几年前看的了，一直到现在感觉还是回味无穷吖！真的太经典了，让人记忆深刻，从男女主人公的相识相知相爱到最后的永远的分别……
人生就是这样，好多事情都是不能提前得知的，命运自有天意安排，谁也算不到"
1292722,229409366,5,"经典之所以为经典。第一次在大荧幕上看这部电影，再看依然后劲很大。其实直到这次买票的时候才发现这部电影居然有三个多小时。群像、人性、爱情，每个方面的塑造都是丰满的，细节之丰富和到位不会让我觉得有一个镜头是多余的。
看到一位网友的说法觉得很对，Rose从来不是玻璃罩里的玫瑰，她是在笼子里哀啼却没有人听到的鸟。爱情也不是救赎，Jack只是向Rose伸出了手，但她最终还得靠自己展开双翼。（另外凯特温斯莱特真的好美啊，真的会让我联想到热烈又娇嫩的玫瑰花瓣。）
看到Jack刚登上船时迎着海风喊出“I'm the king of the world”的时候真的眼眶湿润，他就这样停留在最意气风发的年纪了啊。"
1292722,62593432,5,女主太勇敢了，爱情真的能给人这么大的勇气吗？5+
1292722,166302585,5,94/100。因为之前已经知道不少剧情了，所以一直也没有太大兴趣看。但终于看完了这部影片后，我真的非常触动。果然好的电影不只在于讲了什么故事，还在于怎么讲出了这个故事。
1292722,153935526,5,在岁月面前经历都是一场梦。苍老的脸上的皱纹才是这一生的回忆。你放在心底深刻的美好是因为没得到的白月光朱砂痣。
1292722,133488340,5,"我怎么现在才看泰坦尼克啊 太好看了
前半段极尽奢华，后半段将美好的假象全部毁掉：摔碎的盘子，蚂蚁一样掉落的人，冰面上漂浮的活活冻死的人群…阶级依旧决定着人的生死，而男女主我愿称之为两个疯批的爱情故事，在压抑的灾难面前好像有超越一些痛苦的力量
最喜欢电影最后一个画面：穿过时光回廊，记忆的光被点亮，船舱门开了，那群人又鲜活地出现在了眼前
"
1292722,153013140,5,25年，终于看过这部电影，经典不愧是经典。美得像天神一样的温斯莱特，又年轻又帅到令人发指的小李子，被打碎的美好才更动人。
1292722,172421969,4,非常经典的一部电影，满满的童年回忆，再看一遍，还是很感人
1292722,172056914,5,是我看过最好的爱情故事电影，电影不像电视剧一样大众，但是，当这部电影出现后，依然达到了无人不知的盛况，身边的人几乎都知道那个两个主角站在船头的经典场景，这真的是是一部很经典的电影
1292722,73056364,5,经典的爱情影片，重温仍然感动！最帅的莱昂纳多！
1292722,158123544,5,大学时代的回忆，当初这部片子可是男生最好的借口啊，三个小时的电影很多经典台词如今仍在运用，前不久，自家孩纸忽然也在说，于是又陪她在优酷会员再次重看一遍。
1292722,1958538,3,如此平庸的一部片却缔造了一个票房神话。
1292722,166707316,4,很少看一部电影看三遍，这部电影除外，除了杰克与肉丝的爱情，我更喜欢影片中，让女人与儿童先走的呐喊，面对死亡不停息的演奏者们等等，人性的光辉总是一部影片最吸引人和最打动人的。
1292722,69290051,5,最接近完美的商业电影。卡梅隆这一套比斯皮尔伯格的保质期更久。
1292722,174057527,5,非常经典！主题曲我心永恒也非常经典！
1292722,136807054,4,当my heart will go on响起时，很多人都会因为看过电影中至死不渝的爱情而一顿唏嘘感叹。是啊，这是一部跨越阶级和生死的爱恋。前有门当户对甚至更富有但却不爱的未婚夫做反面，后有生死离的考验。矛盾冲突点都很尖锐，让观众一次又一次将心提到嗓门边，也让这份爱变得更恒久绵长。
1292722,164128873,4,经典，自己多么也想拥有那样的爱情啊。可是现实生活中很难有那样一个人可以不惜一切为你。。
1292722,169090174,4,不圆满的爱情才更让人难以忘怀吧，但说实话就算他们活了下来他们能在一起吗？女方父母会同意吗？在灾难面前人的生命是多么的渺小。小李子年轻时真帅
1292722,72780432,5,史诗级的浪漫爱情与灾难片标杆中的标杆，我心永恒的前奏一响，心中总有无尽的感动。最后船开到了美国，也看到了自由女神像，可是船不是泰坦尼克号，看到的人也不是Jack，但我却把你的姓氏冠我之名一同带到了这里。那是，一段永存不灭的爱。
1292722,156941004,5,第一次电影上映的时候我还是个孩子，不太懂这种深情。等后来一次回看的时候，真的很感动于这种超越生死的爱。那时候小李子也是很稚嫩啊，颜好。
1292722,157276872,5,超爱这部剧，当时感动死了
1292722,251884977,5,会为rose身上迸发出的女性主义光芒所倾倒，拿起斧头的时候简直帅呆了。
1292722,155704359,4,在灾难面前 人类的渺小无力 在死亡面前 人人平等 这部影片闪烁着人性的光辉 爱能跨过阶级 超越生死
1292722,174677636,5,小李子乍一看一般般帅，但是Jack的人设让他看起来超级帅
1292722,148394577,3,高中同学推荐我看的，但是实在是太长了，没有耐心看下去，不过杰克好帅啊
1292722,62469238,4,这么多年后重新看真的觉得卡神真的是很厉害，这么多人的场面调度，那么大的压力，还能沉稳的拍片，佩服。不过看他的删节镜头还是很失望的，觉得这么蠢的戏怎么能拍出来，特别是那个备用版本的结局，又蠢又俗
1292722,133196484,5,长大了，想法变多了，看电影时，心里全是评价，怀疑，对美好爱情的怀疑，真的有这样好的情感吗？因为太稀有才被拍出来吧。但小时候可没有这种想法，认为这就是爱情，爱情理应如此
1292722,2336350,3,讲道理……撇开历史上真实泰坦尼克的传奇效应、斥巨资真船真沉的噱头、恰逢颜巅峰的小李子、第一部国内公映好莱坞电影带来的童年滤镜这些光环………电影本身真的………很一般
1292722,54476036,5,“我永不放弃，我答应你” 我狂哭
1292722,157327327,5,一直没有看过，直到上了大一才找出来看，真的是哭的一塌糊涂，从此喜欢上小李子。
1292722,172039742,5,當年電影院一票難求的空前盛況啊！現在看依舊感動 歌曲更是動人
1292722,2704850,5,汶川人都去电影院看过 
1292722,1011335,4,如果十年前很抗拒，说没什么特别的，那是因为当年太年幼，你以为你能拥有比这更深刻的爱情。
1292722,169089788,5,《泰坦尼克号》是我记忆电影里的经典之作。男女主人公站在甲板船头的经典动作也成了那个时代最最完美的姿势~
1292722,156064887,5,非常经典，当初小李子的Jack真的是帅到腿软啊！
1292722,147000359,5,看了很多次 都没坚持  看完后又觉得电影太短  经典就是经典 男女主角的爱情故事令人羡慕 结局虽不尽人意 但经历是美好的 
1292722,158629236,4,悲剧的结局塑造经典，天人永隔总是让人唏嘘…灾难面前人性被无限放大…心酸又震撼…
1292722,105125970,1,这里所谓的爱情就是色情。一星给主题歌，完全靠主题歌拔高感觉。立意差。男主一个混混没错吧，教女生各种坏，女生根本不是为了爱情放弃的金钱，女生本来是受不了上流社会的虚伪和做作，已经去跳船了，男主盯着女生尾随到船尾，然后骗了这个女生，无非是想睡，后面就睡了。这里面有爱？
1292722,57542378,5,电影所呈现的虽然是一场灾难，却再难有一部电影能如《泰坦尼克号》这般给人以灾难中洞彻心灵爱的美好，杰克与露西他们之间的生死绝恋是一场永恒之爱，杰克的离去，露丝其实一直代替着他精彩的活下去，电影结局处露丝魂归梦处，杰克的想迎，爱在此便成了永恒。
1292722,159554689,4,杰克与罗丝的爱情令人感动，但更令我感动的是从容面对死亡用生命演奏最后乐曲的演奏者，拥抱着一起共赴黄泉的老年夫妇。
1292722,122718576,4,死到临头坚持演奏的几位乐手真是哲人
1292722,172804916,5,这部电影让我相信了爱情的存在性与永恒性，值得被永久收藏。
1292722,13419259,4,犹记得初中时第一次看大船时的惊艳感，不仅仅是男女主的美貌还有画面和音乐
1292722,182890547,5,"“我这辈子最幸运的事，是赢得了那张船票————它让我遇见了你。”

"
1292722,254349930,5,老年Rose在最后的回忆里说：“女人的心里是藏着很多秘密的，原谅我，没有把这一切告诉你的祖父”。她甚至用了深爱的男子的姓，来开始她的余生。是这个叫她活下去的男子，给了她按部就班的人生一记当头棒喝。我们都在人生里寻找归宿，只是可悲的是，真爱从来匆匆，留下来的，都只是生活。
1292722,3440354,5,泰坦尼克号上映25周年大银幕重映，上次看大概还是20年前上小学的时候，时光飞逝，经典永存（真三个多小时无尿点。灾难中的人性和爱情，it’s a sad story，人类之于海洋之于宇宙过分渺小，but my heart will go on. 杰克肉丝真是这个世界美好的存在<3
1292722,242528893,5,Rose 之后真的去学了骑马，那些照片太催泪😭😭😭😭😭😭😭下次重映也要去看喔
1292722,139611792,5,经典，永恒的主题爱情。爱情究竟是什么，它是怎么产生的？爱情是美好的，伟大的。
1292722,119273466,5,有幸在25週年重映看上大螢幕甚至是RealD的3D，當年的KateRose真的太美太美
1292722,130069436,4,伟大的爱情，露丝代替杰克好好的活着啊……
1292722,61285850,5,you jump i jump 时隔多年依然被这部电影所感动 最感动的不在于rose和Jack的爱情 而是rose勇敢打破那个时代的女性桎梏 思想上解放 违背母意选择自己的生活 卡导对于灾难大场面的把握做的太好了 
1292722,218819894,5,我心里最完美的电影。唯一让我几次嚎啕大哭怎么都止不住，直到结束时眼肿耳鸣的电影。至今看过的最好的爱情片，更是最好的灾难片。爱与永恒，泰坦尼克号的故事永远悲凉，也壮美。活在我心里的不只有Jack和Rose，更有直到生命最后一刻还在岗位上坚守的船工和船员们，体面而敬畏地演奏乐章的小提琴手们，还有那位儒雅温柔的设计师，那位给两个孩子讲故事的妈妈，那些唯一决定划船回去的人们，还有太多太多。灾难目睹人类的渺小，更见证人类的伟大。
1292722,160940910,4,爱情一旦久长，就不朽。当青春不再的rose带着少女的微笑以海洋之心祭奠那个永远沉睡在冰海的少年时，一切痛苦与分离在那一刻永生。
1292722,75384023,5,熬了下夜在电脑上看完了，之后失落了一晚上……
1295644,1552466,5,萝莉有颗御姐心，正太有个大叔身——邪恶又天真、残酷又温柔，多完美~
1295644,1253818,4,我开始想要过得快乐，睡在床上，有牵挂
1295644,1356900,5,一半的魅力来自反派：Gary Oldman.
1295644,1418881,5,她对Leon说，自从遇见你后，我的胃，再也不痛了……
1295644,1000152,5,Leon的门打开，一束好象来自天堂的光照在Mathilda脸上。给他快乐，从不发问。细节和大方向都很出色，一部控制得几乎完美的电影。
1295644,4607051,5,一个杀手被一个萝莉害死的故事
1295644,100593744,4,里昂只有一颗盆栽，不善言辞，爱喝牛奶。他不像，却真正是一个杀手。玛蒂达的到来，是包袱，也给里昂带来了生机。不过这种设定，注定是悲剧收场。里昂死后，玛蒂达将他盆栽的种子落地生根，里昂终于不再每日拿着手枪在椅子上不安地入睡，他落地了。娜塔莉波特曼太灵了，玛蒂达是如此特别。
1295644,1543465,5,这个男人他是从儿时的动画片里走出来的，是邪恶和童真的混合体，这令我着迷。
1295644,1447018,5,"-Is life always this hard.or is it just when you're a kid
-Always like this. "
1295644,1505853,5,"Léon： You're not going to lose me. You've given me a taste for life. I wanna be happy. Sleep in a bed, have roots. And you'll never be alone again, Mathilda. Please, go now, baby, go. Calm down, go now, go. "
1295644,2653571,5,"看到泪飙，世上最温情的杀手。
幸运的姑娘在12岁就遇到了真正的男人。
"
1295644,1764044,5,或许是很多姑娘大叔控的根源。
1295644,1272961,5,爱上了让雷诺。爱上了这个意大利杀手的温情。爱上了他脸部轮廓，和刚毅的线条。“人生诸多辛苦，是不是只有童年如此。”玛蒂尔达问。里昂说，“一直如此。”这样的话，击中了内心深处。
1295644,1003948,5,喜欢这个喝牛奶的男人
1295644,2763975,5,我到哪里找，像你这么好。
1295644,1388892,5,"Here in my stomach. It's all warm. I always had a knot there, and now.. it's gone."
1295644,1410905,5,杀手又怎样？警察又如何？冷酷或者温柔，不是靠职业来评断。那个警察冷血的想让人捅死他~！而这个杀手，让人心疼的只想轻轻的温柔的抱抱他。
1295644,44653541,3,我没啥感觉的公认好片。
1295644,1025094,5,“你最好对我一点感觉都没有。因为只要有那么一点点。你都将会后悔你没有让我知道。我爱你，里昂。”看完第六遍，很多台词都会跟着背，还是会哭。
1295644,1174078,5,超级爱那个男人抱着一盆植物走在街道上的样子。
1295644,1182135,4,传奇，童话，传奇，童话，传奇，童话……
1295644,1215272,5,娜塔莉波特曼激萌啊
1295644,171231471,4,大叔萝莉的爱情💏，电影很好看也很经典，但我还是有点接受不了这种年龄差，这个里面还是诠释的很好，可惜大叔最后死了😭
1295644,1412617,5,找不到比这个更喜欢的了。
1295644,133022752,5,人们常说这是大叔与萝莉的爱情 在我看来却不然 大叔的内心也是一个孩子 他很少与人接触 更不要说异性 小女孩直白地表达爱 慢慢地动摇他的心 让他知道原来这个世界上还有这么美好的感觉 两个孩子为了爱奋不顾身 为了最纯洁的爱
1295644,2492362,5,叙事节奏清晰流畅，毫不拖泥带水；Léon、Stansfield、Mathilda，几个主要人物个性鲜明； 加上如同MTV般快速切换的画面，影片从头到尾紧抓观众的眼球，非常难得。更因为此片，让全世界认识到了娜塔莉·波特曼。★★★★☆
1295644,57663115,5,我希望你没有说谎。我希望在你内心深处真的对我没有一丁点儿感觉。你最好对我一点感觉都没有。因为只要有那么一点点。你将会后悔你什么都没有对我说。我爱你，里昂
1295644,1423569,5,小loli和大叔的爱情故事.
1295644,154019316,5,一个行事一板一眼有条不紊的杀手邂逅了一个激越鲜嫩的小生命 原来之前的悠悠岁月自己从未活过 一个反叛哀怨愤世嫉俗的弱小灵魂荡涤了一个沉睡中的王子心灵 从此一塌糊涂糟糕透顶的生活有了希冀 谁说年龄是问题 谁说身高是距离 小王子被他的玫瑰花驯服了 小女孩从此有了兰花作伴
1295644,144711437,5,"首看《这个杀手不太冷》是原文，影片的对话连续几日回旋于脑海，Is life always this hard, or is it just when you're a kid?Always like this很少有动作片能如此深度地诠释人性感情的缺憾，个人认为影片近乎完美。
"
1295644,162052597,1,这tm就是用华丽外表包裹的变态恋童电影，每一件恋童犯罪下都有这种电影传播的影子。  c每部这种变态电影都tm搞成是女人诱惑主动，tm男人都是被迫发生，真tm会给男人美化
1295644,58650173,5,一直没看这部片子，最近才看了。什么也不说了，就是深刻的感动。这是西方版的殉情电影。其实我们有多少人是可以做到不殉情的，不在每时每刻里磨损自己去成全那个情字？电影里的牺牲是几下重锤，日常的殉情是长久的磨砺，成全着或悲剧或斑驳的传奇。
1295644,3186129,4,“这是关于两个小孩的故事，一个女孩和一个男孩，在他们心里，他们都是12岁，他们都感到失落而他们深爱彼此。” 
1295644,154408780,1,演员演绎或许很棒，但情节设计未成年小女孩迷恋甚至引诱大叔令人不适。看到豆瓣这么多人把这部电影奉为圭臬，我愿称之为国内显性恋童癖和隐性恋童癖的集体高潮。
1295644,153244660,4,确实经典  没有很狗血的剧情  没有大尺度的卖肉戏  但是好奇怪我竟然没有被感动哭
1295644,157393043,5,里昂很有魅力，一起杀人的时候小女孩很酷，反而大叔比较呆萌，很可爱，最后真的太可惜了，里昂要逃走的时候，明明可以感受到他的渴望，他想要一段爱情想要不再孤独，却到底还是没能享受到
1295644,169142827,4,Leon可谓是史上最为可爱以及百变的杀手。如果你想找个杀手做男朋友，并且带有那么一丁点儿“叔叔控”，那么Leon无疑是最好的选择。
1295644,163226117,4,经典好看，昨天又看了一遍。好电影总能让人回味
1295644,149280316,4,反差萌的两个主人公 软萌大叔和暴力萝莉太搭了 经典的影片
1295644,1993926,0,我妈说：这个小孩儿怎么办啊，她又不想学习！她又学不进去！
1295644,146840812,5,"一个酷爱喝牛奶的杀手 有一盆被照顾的很好的绿萝 冷酷又温情 
玛婷达全家被杀敲门向他求助 开门的一瞬间光亮照亮了玛婷达的脸也打开了他的人生 这是他们各自的新生与救赎 
“我开始想要过得快乐 睡在床上 有牵挂”
只是 杀手再也回不来了 
手环拉开 炸弹引爆 仇已报 杀手死
"
1295644,153183067,5,几天前又重温了一遍，还是一样的感动，杀手的心里永远住这一个孩子，尽管杀了那么多人还是那么单纯，对女孩来讲他的陪伴虽然短暂却教会了她很多，影片最后大叔终于找到了自己的根，也算是一种幸福吧
1295644,172416865,4,看过的最经典的大叔和萝莉的温情电影，娜塔丽．波特曼的表现很有张力。
1295644,63688511,4,最浪漫、最感人的大叔配萝莉。
1295644,149553327,4,"I love three things in the word
the sun the moon and you
the sun for morning
the moon for night
and you forever"
1295644,169777600,4,"      很早之前看过的一个电影了，当时很无聊，就百度有哪些值得看的经典电影，有人推荐这个，于是就去搜索，先是被海报吸引，一个萝莉手拿一盆花和一个帅大叔（这个经典形象后来还被我画了出来）
      "
1295644,3517544,5,遇见你之后，我的胃再也不痛了。
1295644,1781395,5,这不是父女线，分明是洛丽塔。爱他的眼睛，他们的屋子。神经兮兮的流氓警察最终自然没有落好，不过那个孩子她也已经长大，她的怀里抱着仙人掌，刺得乳头上酸酸的是绒毛般的细刺心芽。
1295644,150207756,4,我以为是萝莉和大叔的爱情打开电影，其实电影中的感情远比爱情细腻的多，守护关怀陪伴，他教会她生存，他没教会她爱情，这是人生啊！还是要表白小女孩，活得超级酷╭(╯ε╰)╮
1295644,143322973,5,这部电影我真的认认真真的看过两遍，第一遍高中，第二遍大学。第二次的心境想法要去不一样。第一次可能真的就是看电影而已，第二次多了很多感触。感触人生的艰难，同时也感受到陌生人的温暖，更看懂了铁血的柔情，这电影真的太棒了，完全可以再撸一遍！
1295644,44866025,5,每一秒都是经典
1295644,153935526,5,我爱你所以我不会吻你。
1295644,1425011,5,因为这部电影喜欢上让雷诺。
1295644,4640303,5,看完一部电影要中退一千次这病怎么治。
1295644,158308335,4,"生活一直这么不容易还是仅是童年如此
一直不容易
sorry，get不到原话了
但是大意如此
生活不易，且行且珍惜"
1295644,60185359,2,不管大家怎么为这个电影附上美好纯粹的感情色彩，说他们内心世界年龄是同步的，但是我无法忽略这就是一部说一个未成年幼女和一个大叔的接近爱情的故事，光是这点我就无法克制自己的反感，心无旁骛地看。让我不解的是竟然没有多少声音在质疑这点，而大家都用美好的滤镜去过滤粉饰这样一个原则问题
1295644,172831940,4,生命中的阳光，不知不觉的羁绊
1295644,130208116,5,爱让里昂心甘情愿有了弱点。别名可以叫这个杀手有点萌，全程无尿点高能好片。
1295644,1432271,5,我真的很喜歡他，很喜歡她，很喜歡他倆的帽子
1295644,125806734,1,我tm真的不明白为什么这样一部烂片会有那么高评分，观众都是萝莉控吗？剧情总结，就是原本一世英名，无坚不摧的杀手，被一个刁蛮无理，思想极其阴暗的少女给坑死了。凭什么占据豆瓣排名第三的电影？？？
1295644,62675594,5,“他们都是12岁，他们都感到失落而他们深爱彼此。”总让我想起纳博科夫的《洛丽塔》。之前想象的爱情太过狭隘，英雄相惜也是一种伟大的爱情。这种爱情，发生在一个小姑娘和一个冷血杀手之间，味道奇绝。换一个方式相爱，或许会找到真正的彼此。
1295644,2563179,5,我喜欢的演员跟剧情跟标题
1295644,162143454,5,再次重温了一遍，以前看的时候只觉得可惜。现在去看却觉得这也许是更好的结局，女孩开始了新的生活 没有仇恨 只有对里昂的想恋活下去。而里昂重新找到对生活的希望，可惜了没有一起走下去 但如果女孩活着但他杀死了对女孩有威胁的人，死亡的那一刻也是放心的吧
1295644,57542378,5,这是吕克·贝松最好的电影，很难再找到他执导的一部电影能与之并肩，这是让·雷诺最好的电影，作为一个法国演员的他，极具代表却又以一个杀手形象如此独到的的演绎了一场法式浪漫，当然我们也不可遗忘娜塔莉·波特曼这位电影中的少女，她在电影中所散发宛若美玉的光芒，最好的导演与演员曼妙的法式温情
1295644,159406773,4,"the deepest love I think, later than apart, I will live as you like.那些没有说出口的爱才最显珍贵"
1295644,156941004,5,生命中的阳光，不知不觉的羁绊
1295644,158629236,4,不冷的是人性中触动温情的地方，冷的是现实中无法回避的对立。
1295644,165023952,3,评分超高的影片，看完毫无感觉，明明很一般啊，嗯，一定是我不懂得欣赏
1295644,172077714,5,其实我对电影的剧情感觉一般，但是演员们的表演真的是很精湛
1295644,13196617,5,网飞最近租了这部的线上放映权，却把最关键的几段情节剪掉了（不知道和当年公映版的删减内容是否一致）。这几段情节包括：玛蒂尔达与里昂搭档出击、二人在高档餐厅饮酒傻笑、以及玛蒂尔达被里昂救出之后的夜戏。网飞的删减逻辑指涉明确，主要试图回避三个敏感议题：青少年持枪与暴力犯罪、未成年人饮酒、以及有娈童嫌疑的艺术表达。删减后的故事，不再是一个老灵魂如何与一个困在中年男子身体里的少年相依为命的故事，而是变成了“冲动小女孩如何坑死职业杀手”的故事。
1295644,68303574,5,我能想到最好的纪念你的方式 就是在你走以后活成你的样子。所以总是莫名的觉得，小女孩长大后会成为一名杀手，变成和里昂一样的人。想说，你所看到的未必是事实真相，有些杀手其实内心依旧很善良。
1295644,172420547,4,也许爱情可以跨越年龄这道鸿沟，在片尾小女孩埋葬他的骨灰时希望她更能勇敢的往前走
1295644,50060410,5,到哪里找那么好的人。。。大叔有个正太心，萝莉有个御姐心，故事极好。。。
1295644,1334746,4,没觉得那么好
1295644,149645888,5,小女孩的眼神真炸，这种搭配稳阿。画面很棒，果然是经典阿
1295644,169089788,5,在这部以杀手与复仇为主要脉络的影片中，诠释的却是一个生命与爱的故事。
1295644,2211721,0,复杂的社会关系里总有绽放如花的感情
1295644,169431934,5,一个温柔的杀手，一个成熟的小女孩，没什么可说的，经典。
1295644,20737207,3,这部能top4是我心里的谜团
1295644,84079555,2,很怪，感觉从头到尾没有亮点。看别人的评价，说要结合时代来看，在那个时代拍这样的动作场面是惊呆众人的效果。好吧。然后，大叔和萝莉在我这儿确实没有任何萌点，我还是喜欢共同成熟，你我相当的感情，不要和我说什么里昂心里是12岁小男孩，我一百万不信
1295644,177253410,5,小萝莉和怪蜀黍，我喜欢这部片子，因为它安静。安静地打闹，安静地走路，安静地杀人，安静产生爱。
1295644,59678262,3,一度怀疑我的欣赏能力，豆瓣top4的电影，在我看来真的很一般……
1295644,147000359,5,真的是部很好看的电影  羡慕女孩能够敢爱的性格  大叔也很萌萌哒 我喜欢他们的相处方式 也很羡慕 但最后里昂的死 真的太虐了 看哭了
1295644,142483990,5,很感动的一部电影。电影所呈现的，是对人性的探知和拷问。非常经典的一部电影
1295644,135584913,5,好喜欢，看了两三遍了。在你死后，我活成你的样子。
1295644,145790989,4,"深入人心，就仿佛生生刻上你的心脏，抹不掉。

好喜欢小女孩👧"
1295644,160870609,4,每当听到shape of my heart，便会想起这个杀手，不太冷。
1295644,1211567,5,杀手大叔和小萝莉，看的我好唏嘘
1295644,174057527,5,从影片里我们可以深刻体会到爱能够让人获得救赎的力量，这个冷血杀手并不冷血，在小女孩危难时刻尽量去解救她保护她，他内心是充满爱的。
1295644,157224553,5,结局真的让我流了很多眼泪，就差一点点，他们就能在一起了，可是，没有可是
1295644,144674948,3,商业片，而且对于女童的描绘方式让我感到不适，难以理解如此高的评分
1295644,152765160,4,一个冷酷职业杀手的另一面
1295644,172419172,5,“人生总是那么痛苦吗？还是只有小时候是这样？总是如此。”每个人的人生都不是一帆风顺的，总会有坎坷。
1295644,106473194,3,其实，一直不太懂，这个电影高分的原因…
1295644,151992952,3,女主好低智，男主好冤枉
1295644,148062473,1,配角演技胜主角、奇怪的情节、平庸的主题...不仅仅是男性中心视角，更令人不适的是，原始剧本是有床戏的，当年美国观众看这个电影图新鲜，结果是一片轩然大波。这种妥妥的炼铜擦边球能大行其道，幸好什么奖都没拿，不然简直是灾难。看«超体»的时候就觉得，看完这部更加确信，吕克贝松真不怎么入流。
1295644,139611792,5,超喜欢这部电影，还有这部电影的主题曲，He doesn't play for the money he wins...冷酷表象下的柔软最能打动人心。这部电影的片名也是神翻译啊，感觉比原名还要好。
1295644,153213828,3,真的是很好看的一部电影，男主角演活了这个杀手，小女孩的纯真与杀手的冷峻形成了反差，只是最后结局太虐了！
1295644,1752908,2,不喜欢让雷诺，不喜欢这部电影，就这么简单
1295644,103891857,5,"大叔和小萝莉直击我心 像两头受伤的猎豹互舔伤口，心心相惜。Leon是一个笨拙的不知道怎么去爱的人，一板一眼的工作，他热爱生活却不会生活。马蒂达多么有激情多么倔强的活着。
把一块泥，捏一个你，捏一个我，一起打破。"
1291561,2029148,5,"每次看这些神作的时候想到这是动画片这是一群牛人一笔一笔画出来的,就觉得漏看掉一帧都实在是对不起他们啊"
1291561,2093566,4,有那么那么经典吗？还是我老了？
1291561,1118235,5,不努力工作会变成猪
1291561,2044882,5,曾发生过的事请不可能忘记 只不过是你想不起罢了
1291561,1338585,5,十年后重看只想大哭，其实我们都明白这个结局。
1291561,1809547,3,内个白龙好像塔矢亮！其实这是个爱丽丝漫游奇遇记的东方版呢！
1291561,1000328,4,一个寻找自我或者自我复苏的过程
1291561,172350963,4,宫崎骏没有迪斯尼那么花哨 甚至有些落伍 直到现在 他还坚持用手工绘画而不是电脑绘图来完成自己的卡通片 但他懂得一部卡通片 或者一部影片 应该用什么去打动别人 所以 宫崎骏笔下的形象是一个个人 而不是一个个没有知觉的卡通形象 
1291561,1048262,5,自认为是宫崎骏最好的一部。| 2019.6.22 大银幕重温，感谢造梦者。
1291561,172831940,4,"不是所有人都能够在误入迷踪时得遇白龙
 也不是所有的长辈都能一如锅炉爷爷在夜里给你盖好棉被、还有嘴硬心软的玲、离开汤屋就回归善良的无脸人…很多变化都是不可逆的。。。
"
1291561,4640303,5,"隔那么多年再看，还是会二话不说就爱上温柔的白龙，还是会被无脸男捧出的一把木牌打动，还是想坐在阁楼上边吃豆包边看电车从海上驶过，但是……再也说不出“想留在那样的世界再也不出来”的话了！愿幻想的世界里没有工作！
话说千寻现在也28岁了啊，不知道有没有和白龙重逢，如果按好故事的标准，应该是没有吧？她大概已经变成了普通的上班族，每天搭末班电车回家，只是在路过每一条河流时，会想起少女时曾经爱过一条龙。"
1291561,1005928,5,“有些事情是不可能忘记的，只是一时想不起来。” 忘了怎么打动我的了…好像不是打动，而是震撼。
1291561,1410466,5,最好的宫崎骏，最好的久石让。
1291561,136807054,5,欲望无限，就会让你失去自己，进而痛失所爱；在残酷的环境下，只有努力去适应并寻求改变，才能有突破的可能；成功路人，伯乐很重要，一定要记得感恩；奋斗途中，会有妖魔鬼怪，也有可爱温暖的无脸男和小白。节制欲望、不断进阶、知世故而不世故、做个善良有温度的人。千寻，你是最棒的！
1291561,1474426,5,"你忘了吗?
往下飞的时候眼泪是往上流的."
1291561,1190351,5,莫贪吃！贪吃变成猪！
1291561,1864609,5,"又是个成人动画,估计大部分中国观众很难体会什么."
1291561,1727122,5,有一点模糊的小爱情...小白龙报恩，千寻想起了她自己及小情人儿的名字。帮客人洗澡，小煤球儿来回跑。这些经历给我多好玩儿，我一定不会变成大猪，不乱吃东西，给客人洗得干干净净。小白龙永远跟我好^^回到14岁：）
1291561,1094759,4,人人都要工作，否则便不能生活。
1291561,166871529,4,第一次看宫崎骏的电影年龄说起来有点惭愧，家里人对我管的比较紧，高考毕业后才把他的作品都看了一遍，但是千与千寻绝对是我很小的时候就接触过，不过那时候了解的不够深刻，只记得里面很多画面让人很不可思议，比如人变猪类似这样，宫崎骏的电影都让人有种很温暖贴心的感觉，真的很好看！
1291561,3995080,4,直到千寻回忆起琥珀川落水的童年记忆之后，才发现导演想借这个故事承载的比我们想象中还要多，包括河神老白龙的外表被误认为是超大型的腐烂之神。说人类贪婪，不工作就会变成肥猪，汤婆婆和小妖怪们到了无脸男面前，也没有什么不一样，世上无论人神妖都有两面，都没有什么不一样，除了白龙和千寻这样的少男少女。宫崎骏的厉害之处，就在于把深奥的故事放到简单的情境放到简单的情境里，看着老少咸宜，却又能让有心人久久地玩味。
1291561,162304819,4,我看到了人心的贪婪，特别好的一部动漫，宫崎骏老师的动漫我都看。最喜欢的就是千与千寻！
1291561,1917650,4,#20190621重看# #电影院# 今天晚上看了重映，当熟悉却渐渐模糊的剧情再次重现，本来以为自己会很平静到最后千寻一路坐上去钱婆婆家的小火车时还是忍不住哭了。日本动画的最高峰之一，令我等后辈叹为观止。
1291561,2789304,2,就是因为世界观构建的不明所以，很多元素之间没有合乎逻辑的连接和巧妙的对应，所以在我看来这就是一部乏善可陈的纯情少女洗浴城“观光记”——无聊的连“历险记”都算不上
1291561,1433899,5,我与猪都认可的片儿。
1291561,1120462,5,曾经发生过的事情是不可能忘记的，只是想不起来罢了……你会帮我想起自己是谁对吧
1291561,63688511,5,"误入仙境，小镇流光溢彩，灯火辉煌。
夜幕降临，万家灯火倒映在水面上；
仙气氤氲，晨雾在屋舍间自由飘荡。
烟雾朦胧，楼宇蒙上一层神秘面纱；
乌云滚滚，点点雨滴打破了宁静。
黑云压城，家家户户华灯初上；
明月高悬，坐看天边云卷云舒。
微波荡漾，海上电车泛起圈圈涟漪；
晴空万里，她如同行走在天空之境。
电车启动，她看见绿树，青草，人家。
无论是白天还是黑夜，晴空还是大雨，这里都风景如画，宛如梦境。
灯火和月光，烟雨和雾霭，蓝天和云朵，森林和花海，汪洋和浪花，乡村和树林……如梦如幻，如痴如醉。
电影之中，千寻来到一个世外桃源；
电影之外，我们也进入一个童话世界。"
1291561,3527802,5,时隔多年再看，看到汤婆婆对千寻说”我的人手已经够多了！你这个无能的胆小鬼，我凭什么要给你工作！你要坚持的话，我就把最脏最累的活派给你！“……好像想起了phd申请...
1291561,5994776,2,以前好几次都只看了一半，这次终于完整的看完了，发现也没什么，蛮无聊，幼稚的。
1291561,172416865,4,很久以前看过的动画片，又重温了一次，还是觉得那么好看，只是感触更深了，当千寻对着因贪婪而变成猪的爸爸妈妈大喊：不要变太胖，否则会被人宰了吃的。这么深刻的道理简单明了的就表达出来了。
1291561,35400345,2,我应该早些年看这部动画片的，心理年龄的差距让我观后无感，甚至觉得无趣。还有白龙那发型怎么看都像是个女的。被高评价欺骗了，日本动画片真的不适合我。
1291561,152561400,5,不仅揭露了人性的贪婪，同样也充斥着满满的温情，虚伪、欺骗、奸诈、陪伴、照顾、温暖……它告诉我们，不管前方的路有多艰难，有些人注定要离开，而人生接下来的路，我们都要自己走。
1291561,169090174,5,喜欢无脸男，他对千寻的感情很纯粹的，要把自己觉得好的都给她。看完觉得环境真的是很重要的东西。
1291561,3574203,4,会被吃掉的，看了很多遍，印象最深的就是爸爸妈妈在拼命的吃，会变成猪，小女孩大喊一声，还有漂亮的男主角，漂亮的房子，我们当地就有很像的建筑作为宣传点。
1291561,6083975,0,我爱上了一条河流，他也爱上了我。琥珀川，这是你的名字，千寻，这是我的名字。不能忘记名字，因为忘记了名字就会忘记一切，忘记我们曾经相遇，忘记我们的爱情。我曾经，沉浸在你的怀抱里。小时候，多想有一个白龙一样的男朋友~
1291561,49290419,3,忘了名字就不能回家、贪吃就会被变成猪、不努力工作就无法留下，这些小孩子无稽之谈的幻想进入到画面中，电影替人做了一场白日童梦。白龙莫名的守护、无脸男持续地相随、小少爷义气地相助，千寻的一路多幸运。每一天都是一场道别，幸好故事里还有信念能够追随。可现实里太多无可挽回，倒不如一梦方休。
1291561,62469238,5,内心永远的神作。天马行空的想象力配以精致大气的画面令人窒息。只有内心安静，精益求精，不浮躁，不世故的灵魂才可出此杰作。隐喻深刻却又充满童真。令人感动的同时又带着忧伤，值得回味！
1291561,114515320,5,"        常看IMDB和豆瓣的电影的TOP250排行榜，发现有不少公认的好电影我竟然没有看过，或者看得太早已经完全忘记了。决定开始“补课”，先消灭前30名内的“盲点”。第一部选中的是日本的《千与千寻》；IMDB评分8.5（680,503人次评价）排行27；豆瓣评分9.7（1，912，443人次评价），排行7。
        果然名不虚传，内容形式完美结合、老少咸宜的佳片！宫崎骏的动画电影世界过去我看得太少，要补上。豆瓣上该片的“粉丝”很不少，看了些观感分析，获益良多。听说2019年（公演18年后）该片中文配音版在国内影院公映了，还有田壮壮参加配音；可惜我下载的是个广东话版，听着和日语也差不多，不影响观感。"
1291561,2710891,5,每个人都有千的时候也有千寻的时候
1291561,172419821,5,一条路不能回头，就是一生要走许多路，有成长之路。很多事情不能自己掌控，即使再孤单再寂寞，仍要继续走下去，不许停也不能回头。
1291561,151711006,5,一条路不能回头，就是一生要走许多路，有成长之路。很多事情不能自己掌控，即使再孤单再寂寞，仍要继续走下去，不许停也不能回头。
1291561,139532850,5,曾经发生过的事是不可能忘记的，只是一时想不起来罢了！！是啊！就好比有些事是不敢再去想不敢再去回忆了，然后久而久之可能会一时遗忘了，但并不代表永远都忘记了！当记忆之门被某些事物触发，回忆就会涌上心头。。。另外！还有句台词印象挺深刻的，不要吃太多，吃太多会被杀掉的！猪(￣(●●)￣)
1291561,51415144,5,"不可以吃太胖哦，会被杀掉的！
不可以吃太胖哦，会被杀掉的！
不可以吃太胖哦，会被杀掉的！"
1291561,2201715,5,白龙对千寻说“不要回头”，于是，她在告别无脸男与白龙的时候，便真的没有回头。直到穿越那条隧道，她才终于恍然大悟似的停下了匆匆的脚步，只是再次回首之时，一切都消失了，像是从来没有发生过一样。
1291561,169142363,5,印象最深的是列车上的无脸人。人性的美好与善良都体现在了这部电影里。
1291561,172494755,5,千与千寻是我最喜欢的动漫电影，宫崎骏的电影我都很喜欢，天空之城，龙猫等，喜欢这种讲述人与人，人与自然的关系的动漫电影。我觉得千与千寻告诉我们，人不能太贪婪，最后只会害了自己。也告诉我们人间温情，和爱。
1291561,1147451,5,#重看#2019-6-27三刷。永远飞翔于蓝天的少年少女啊，永远不灭的明亮梦想与美好的青涩，人生若永葆这份心动这份坚持这份勇敢，那么一定会走过长长的神奇（神明）梦境，记得那条河，那个人；如果多年后仍会忆起有关你的一切，那必定是循着梦境。真正版的「你的名字」，呼唤出你的名字，名字是我们命运联结的神奇符咒，是破解记忆的密码，在这个满是盘剥、讲究规则的冷酷世界上，名字是最终寻求到安身立命和身份认同的根本，“最终都需要靠你去解救”---以此获得成长的契机。多年后无脸男的孤寂最是动人，只想与你静静穿过这片海。
1291561,1182135,5,回归纯真
1291561,172195277,5,宫崎骏就是说人性丑恶的时候总也能让人觉得人生还有希望，温情脉脉。
1291561,1175666,5,在某个年龄段之后，这部片终于超过幽灵公主成为心中No1的宫崎骏电影。
1291561,156928678,4,"不管前方的路有多苦 只要走的方向正确 不管多么崎岖不平 都比站在原地更接近幸福
宫崎骏的动漫真的很好看 期待我国有一天也能有更多这种水平的作品！"
1291561,156316198,4,人永远不知道，谁哪次不经意的跟你说了再见之后，就真的不会再见了
1291561,164128873,4,真的，看的满满的感动。动画片能拍成这样真的很成功啦
1291561,157061671,5,最近一直在重温宫崎骏的作品，我的千寻跟白龙会再次重逢的吧，大爱无脸男。
1291561,2431044,5,充满想象力的神的世界。很多做人做事的准则，父母认为正确有用的，未必如此。一切都需要自己用心体会，独立的思考能力非常重要。
1291561,147213820,4,乱吃东西的话，会变成猪噢！名字之于东方人的意义，忘记了名字就忘记了自己。无脸男真是太可爱了
1291561,96404793,5,喜欢宫崎骏的动画片，很温暖，很感人，也很治愈。
1291561,162687415,5,初中的时候第一次看，也是第一次接触日本动画电影，影片奇幻的旅程，充满活力的想象，原来动画片不是给小孩子看的。
1291561,172360216,5,印象最深的是千寻汤婆婆一群人齐心协力帮河神清除污垢的那一段。宫崎骏总是在自己的动画里加入环保这些概念 还有汤婆婆对孩子的溺爱又折射了现实里父母溺爱孩子 孩子啃老的一些看法 很多地方值得我们深思 动画佳作
1291561,153106464,4,这是我看的第一部宫崎骏的动画 是高中一个特别放荡不羁的美术老师在课上放的 我开始都没怎么看懂 倒是被里面的人物形象（无脸男）吓得不清 当时一个人住宿舍 晚上睡觉都会害怕 哈哈 不过它的剧情还是很不错 给人很多深思 由于被吓得不清 我就看过一遍 宫崎骏其他的动画倒是看过很多次
1291561,166218434,4,好我喜欢宫崎骏的动漫，每部都看过，喜欢千寻的善良，结局很暖心。
1291561,154019316,5,最喜欢的宫崎骏作品之一。。太经典了。。日本动画太有前途。。一贯的宫崎骏风格。。自然人性真善美。。
1291561,38369473,5,年少时的感动，这一辈子都无法忘记。征服了全世界的不仅仅是宫崎骏老爷子高超的创作兼执导力，吉卜力精湛的制作以及回归纯真的主题内核，那些寓意深长的日本民间神话和传说更让整部电影充满了魔力。
1291561,3576126,2,剧情乱糟糟啊！渣画风啊！妖怪各种难看啊！小白是塔矢变身是龙狗啊！无脸男是大虚原型啊！对龙猫里大吵大闹姐妹俩够无感了，千寻性格表情更难受啊！偶尔回忆还裸镜啊！主题再深刻再感人有毛用啊！原来这部这么坑爹啊！
1291561,155370531,5,超级好看  我发现宫崎骏的电影真的很棒 每部都是那么喜欢。千与千寻已经看了好几遍了 但还是可以说百看不厌！
1291561,151760896,5,是善是恶，亦真亦假。
1291561,155985816,4,日式动画片和好莱坞动画片无论从立意还是角度都是截然不同的。
1291561,103891857,4,纯洁的爱情 明亮的眼神 你是千寻，我是琥珀川 那条路，不能回头，但你要记得，我们还能见。
1291561,171372928,4,一度觉得动画、动漫就应该是这幅样子，每一帧都值得截图，宫崎骏最经典的动漫电影之一。有些大人get不到的点，孩子们却容易注意，比如:吃太多了，都被惩罚变成猪了!或许孩子们不懂得贪婪这个词，但却知道克制自己再不会暴饮暴食了吧
1291561,170254707,4,人生就像一趟开往坟墓的列车，中途会有很多人下车...很感人的一部电影，看过好几遍，第一次看的时候年龄小，不太懂，大了以后看感觉完全不一样，成长真的是一个充满伤痛的过程
1291561,152658927,4,这个世界真的很现实，每个人都在为着同一个目的，不惜一切代价努力着，心甘情愿的成为金钱的奴隶，死心塌地的付出。
1291561,140581573,3,剧情是千寻一家人来到废弃游乐场探险，爸妈因为吃了食物变成猪，千寻独自一人在游乐场生存并救爸妈的故事。千寻也具备许多优点，坚强勇敢，不放弃的精神。也得到了许多人的帮助。最终凭借勤奋善良解救爸妈。很温馨朴实的动画。老少皆宜合家欢电影。无脸怪也很有趣，但过程略显平淡。整体一般吧！
1291561,69290051,4,4.5。可能是观影史上时隔最久的一次重温。千寻在她的“自我”最完整的时候，有幸闯入了一个被包装进童话的成人世界，在一次巡游中提前认识到了自我和本真的所有可贵。而所谓千寻，每个人都曾是——只不过并非每个千寻都那么幸运，能在这样一场恍若隔世的大梦里预演现实对自我和本真的种种侵蚀，然后带着对“小千”二字的提防和对“千寻”的珍守，真正踏上现实的征程。对电影里的千寻而言，她在虚幻里收获了这份抽象又真实的礼物，而电影本身对于还没长大的我们，亦然。待如今回首，会感激，会知福；而若是初见，又可能在感伤中被后知后觉地唤醒，一如本为琥珀川的白龙。这或许就是通俗维度里的《千与千寻》，最大的魅力。
1291561,174057527,5,日本经典动画片，再来重温还是觉得很好看。里面揭露了人性的贪婪，环境的污染以及感恩的心，真的是都很有深度的动画片！
1291561,172485908,4,觉得白龙是个很好的人，千寻也很可爱
1291561,150167619,5,宫崎骏系列最喜欢的，永远不要丢掉你的名字，不能贪吃，以前小没深入体会，现在看都是人生哲理
1291561,1300988,3,"一个关于寻找自我的故事
我并不太喜欢"
1291561,1105086,0,想起来就饿。。
1291561,162509474,1,我还以为出续集了，原来是18年前的电影，为什么现在才上映？这18年干嘛去了？中国电影票房9年来首次出现负增长，所以才想到引进这部电影圈钱。这样炒冷饭不好吧，另外为什么国语场这么多，歧视原版？这可是日本影史票房冠军，奥斯卡最佳动画电影啊……因为延期18年，很多人都看过了，网上就开始喊补票补票补票，这样的行为很反感，延期的电影经常用补票来道德绑架……电影本来是娱乐，现在越来越义务了……（我已经补票了）
1291561,169147379,3,挺好看的，宫崎骏的动画果然是经典
1291561,172496519,4,小时候看过，刚开始看的是书后来看了电影，感觉挺不错的
1291561,150207756,4,影片里一句台词记忆深刻:“不要吃太多，不然会变成猪的！”无脸男这个动画人物也因为这部影片超受欢迎。
1291561,172495174,5,最爱的宫崎骏动漫，印象最深的是无脸男。看了影评，要去再看一遍会有不同的感受吧！
1291561,169142827,4,可以，不错
1291561,172414546,3,很久以前看过，这几天无聊又重温一下，人不能贪婪，千寻在寻找爸爸妈妈的解药过程中，遇到了无脸男，一直陪伴她，千寻刚开始有点害怕，后来好了很多，还有慈祥的锅炉房爷爷。很不错的动漫，很喜欢。
1291561,2651080,5,-- 我们还会在那里相逢吗？-- 一定会的。-- 一定噢。-- 一定。你去吧，记得别回头噢。<------其实我们都知道，就跟消失了的琥珀川一样，再也回不去遇不见了。唯一能做的，就是扎着曾经充满回忆的橡皮筋，大步往前走，不回头。（2013年再次看起，居然感悟跟当年完全不同了。）
1291561,1074067,5,"《千与千寻》是我最爱的电影之一。如今坐在高铁上穿过漫长的距离，我依然会听到其中的歌曲，想起火车穿越寂静海洋的一幕。这么多年，我看了好多遍，每个场景都历历在目。小时候看不懂的情节，成年后再看才懂其中的深意。每次看到善良的千寻，想要清洁肮脏不堪的怪物那一幕，我都会忍不住掉泪。
宫崎骏创造的世界是那么善良，所有的恶人并非真的坏到极致，所有的善美在他的世界里都有人看守，有人呵护。这大概就是成年后再看也止不住的掉泪的原因。成人的世界里，沉默不言的善，有时没有人守护，坏人可能很坏很坏，你身边的朋友，在你遇到困难时，也只会逃开。很多的时候，你都孤立无援，一个人成长，无人守护。
我并不会觉得宫崎骏创造的世界是骗局。它是期望，是对一个更好世界，带着淡淡悲伤的向往。不能忘了自己最初的名字，不能忘了出发的地方。"
1291561,152432941,5,看了以后久久不能忘记，已经循环播放片尾曲好几天了！
1291561,153197536,5,"宫老先生的作品都特别喜欢,千与千寻不间断地看过几次，配音好听，听说剧情内容含义很大。"
1291561,4403626,5,有种极其细微而隐秘的宏大——占领华尔街运动最盛的时候我曾经看了几篇关于《绿野仙踪》与批判资本主义之间关联的文章，于是在电影院看这部的时候也不自觉地开始剖析文本之下掩藏的秘密，得到了许多非常诡异的结论。
1291561,1552466,5,我最喜欢的宫崎骏作品，也是看的次数最多的动画片。从初一开始看，不知道看了多少遍。
1291561,172411789,5,喜欢宫崎骏的作品，觉得超赞，梦幻
1291561,156967679,5,很喜欢的一部动画电影，在故事里跟随千寻的磨难和他一起成长，在现实中拾起我们的勇敢，真诚和善良好好做人，不要做鬼也不要做猪。
1291561,131953600,5,最好的宫崎骏，最好的久石让。这是部无论几刷，无论何时看，都让人感动和回味的电影。
1292063,1972084,4,"人生，就是喜剧，就是一场1000分的游戏。千万别哭，不然那个迈着正步去赴死的犹太人会笑话你的。
 
"
1292063,4523062,5,我以为如此智慧的一个人，在那几声枪响过后，必定是会走出来，继续对他的公主说早安的...
1292063,1190351,5,如果谎言可以这样美丽，我也情愿生活在谎言之中
1292063,1793566,5,"喜剧的开始，悲剧的结束，
满满的亲情，无限的父爱"
1292063,1094759,4,看了这个不要看《辛德勒名单》或者看了《辛德勒名单》不要看这个。时间：2005
1292063,1813895,5,绝对难忘的一部片子----影片结尾美国大兵的那句 hei! boy! 叫人已经凉透了的心又感到了温暖。
1292063,1781395,5,父爱构筑了一场温馨的战争，没有在孩子心里留下任何阴影。故事分裂成两部分，前半是圭多对公主的追逐，用智慧战胜了强大的求婚者，抱得美人归；后半是战争风雨飘摇时对亲情的忠诚，在迈开大正步赴死，努力保护孩子时，父爱如山，界已成神.
1292063,1074067,5,"即使是悲惨世界,也要大大的笑着."
1292063,63688511,5,"从天而降的钥匙打开了她的心房，却打不开奴役的枷锁；
骑马逃离婚姻的羁绊，却逃不出法西斯的束缚。
现实残酷，他就用温柔回敬现实。
战争凶猛，他就用父爱打赢这场战争。
做一块蛋糕，他就融化了她的心窝；
铺一张地毯，她就走进了他的生活。
一句广播，一首音乐，让妻子重新看见希望。
一个善意的谎言，一个属于父子之间的游戏，给孩子一个没有阴影的童年。
我只是一个普通人，你却让我做了公主。
我只是想要一个玩具坦克，你却让我坐上了真坦克。
他默默无闻，但他又无所不能。
纵然身在地狱，他也能将它变成天堂。
以生命为代价，给家人一个美丽人生。"
1292063,2165720,5,三刷了。记得上学时跟父母吵过，中国的父母经常想让小孩相信这世界的丑陋，而国外的父母即便身在地狱也要让孩子相信在天堂，让他们开心的活着，你们为什么要让我的童年的这么痛苦。哈哈，大概就是受这剧影响吧。
1292063,1817217,5,很久以前看过的，永远难忘片中父亲的鬼脸
1292063,89667311,5,不敢相信男主死了，总以为他能活过来
1292063,154019316,5,"看过很多遍，我会背很多台词：我想和你做爱，我见你的第一眼就想和你连续做三次爱。如果你违反了三条规定中的任何一条，你的得分就会被扣光：一、如果你哭，二、如果你想要见妈妈，三、如果你饿了，想要吃点心！想都别想！第一句爱情性感，第二句父爱如山 
最爱的还是那句：早安，公主！"
1292063,1067099,5,对我说：“早上好，公主”吧
1292063,1005928,5,"世界上最美丽的谎言与微笑。Surprise her, forever!"
1292063,1959890,5,该给 1000 分的电影
1292063,1275416,5,关于父爱的伟大电影。以非凡的想象力和诙谐幽默演绎一场不堪回首的历史惨剧，那怦动的热情和对人生充满希望的美丽震撼人心。“为了看到阳光，我们来到世上。为了成为阳光，我们存于世上。”在Guido身上，你看不到那些痛苦、隐忍、挣扎和艰难。这位一直用荒谬的态度对待人生的荒谬、以达观的态度对
1292063,2704850,5,看完快哭死  想起就哽咽  强推
1292063,1000152,5,最温柔的谎言。
1292063,1003948,5,美丽的灵魂成就美丽的人生
1292063,2492362,4,这是父亲所作的牺牲，这是父亲赐我的恩典。★★★★☆
1292063,3242850,3,在真实的历史面前，不可能有这样的轻松与浪漫！
1292063,4285566,3,【中国电影资料馆展映】绝对被过誉的电影。前半部还不错。后半部集中营里男主继续各种作死还能安然无恙，就太扯淡了。正好最近在研究《古拉格群岛》。这种事在苏联劳改营不可能发生，在纳粹集中营应该也不可能。浪漫感人但也虚假。胶片放映中途，机器多次故障。看来胶片电影真要看一部少一部了。唉。
1292063,2744593,3,用我残疾的心去看这样一部电影。已经完全没有知觉了。
1292063,151742630,4,前后如同两部电影。前一半有多欢脱，后一半就有多苍凉。我特别在意那位执着与于猜谜的军官，善与恶，竟然最终抵不过一道谜题，这也是一种人生的况味吧。
1292063,47287341,5,重看，我想这部片子可以教会每个男人如何做父亲
1292063,158123544,4,圭多那“早上好，公主”，小男孩看到坦克，开心的说”真的赢了坦克“，美国大兵站在坦克上对着小男孩说 “来，我抱你”小男孩活着父亲为他编织的游戏里，即使危险，他却开心的生活着，而当小男孩从邮筒的缝隙里看到父亲被纳粹押着赴刑场，却做着鬼脸和夸张的动作时，那双眼睛是那么的清澈。
1292063,1212789,5,对生命保有永远的热情
1292063,1230275,3,喜剧演员常有，但是罗伯特贝尼尼是唯一最爱的，因为尽管这个世界上有很多值得去喜欢的演员，但是真正能带给我温暖的，让人感觉到生活永远是有希望的，就只有这个矮小的罗罗嗦嗦的老头和她美丽的妻子了，呵呵
1292063,1987990,5,我爸爸是四核的超人
1292063,173674230,4, 拒绝沉默。无数历史悲剧都源于集体沉默。还记得马丁尼莫拉那首诗：起初他们追杀共产主义者，我没有说话，因为我不是共产主义者；接着他们追杀犹太人，我没有说话，因为我不是犹太人；此后他们追杀…；最后他们奔我而来，那时已经没有人能为我说话了。 
1292063,1543465,5,后来他成了王子还有传说。
1292063,45811878,4,对于这样的经典，我在抱有充分尊重的同时，也习惯于带着质疑去欣赏。这是一个完美得细节一定不真实的故事，这个美丽人生的存在，有其述说意图，换言之，故事在为立意服务，而虽然这片子的立意经典到无法复制，但是由于其故事本身的服务意识太强所造成的牵强，让我只愿给出4星。对不起，经典。
1292063,1667851,5,早安！公主！
1292063,156941004,5,基度不是小丑，他是真正幽默的人，用微笑面对苦难。幽默是他人生中的武器。喜剧涂上了黑色，欢笑化为了感慨。人生很美丽，爱一个人，会发光。
1292063,153283529,5,这部电影令我印象深刻的地方不是男女主人公之间的爱情故事也不是那些爆笑片段，而是父亲对儿子的父爱，善意欺骗儿子这是在做游戏，二战中的亲情温暖令人动容。
1292063,1654047,3,用父爱编织的伟大谎言，盖过了集中营的阴影。男主的喜剧才华在前半部分求爱时发挥得淋漓尽致，但到后面就玩脱了，进集中营之后还延续这种表演只会显得轻浮。用夸张戏谑的方式来调侃屠杀犹太人这种沉重的历史事件，归根到底就跟国内抗日神剧一个德性。
1292063,184956403,5,因为看过钢琴家，所以即便知道这部片子的基调本身没那么沉重反而十分诙谐，我也觉得他能带着儿子活到最后十分的神奇。然而结局的那几声枪声却又让我不可置信，我所以为的巧合、算计、主角光环统统消失了，他在那一刻不再是神通广大、浪漫幽默的父亲、丈夫，而只是一个苦苦挣扎却没能见到黎明的犹太人。
1292063,1147451,4,"#重看#以意式夸张与写意手法书写一出伟大的父爱（究其真实度与可行性几无意义），以美丽的谎言反衬战争的残酷，在极端恶劣的生存环境中以绝大智慧和勇气营造出一片小小理想国，这个虚构的乌托邦建立于人性中对爱与希望永不枯竭的信仰，因为它们，人类才不至于在这个星球上灭绝。

从开场起就稳妥构筑的叙事细节点，一面迅速立起人物性格，另一面则有效散落于后文展开，并将逐渐沉重的政治气候嵌入其中。从街道上的大人物画像到店铺拒绝犹太人入内，从被涂上“犹太马”的侮辱到日益频繁的“请走一趟”，恐怖就是这样一步步渗入日常。

“早安，公主！”两次广播示爱，一场不再见的告别，用笑着的眼泪告诉你我爱你。“约书亚，这是一场梦。”夜雾中万人骸骨堆前真实的梦魇。"
1292063,171272098,5,以为是喜剧，却看哭了好几次。想到了一个问题，如何做一个有趣的人，大概就是乐观的面对这世界，爱自己以及爱身边的人。
1292063,1173975,4,多拉走进去，圭多跟进去，结果是约书亚跑了出来，人生就是这么美丽的魔术。
1292063,10464792,3,治愈系的东西必定能为最广大观众群体所接受与喜爱，更何况还背负着这么沉重的历史背景。片子想表达出的积极乐观的人生态度值得称道，前半部分继承了意大利喜剧片的光荣传统。只是能戳着我的笑点却没命中泪点，后半部分略显无脑般的盲目浪漫主义有些廉价，贝尼尼只放不收的喜剧表演同样减分。
1292063,4150687,3,嗯。。像这个片儿和肖申克的救赎就真的被过誉了吧- -而且这片儿的结构非常奇怪，生子前后四舍五入算两个故事了。后半段也真的无聊，同样是拍集中营，辛德勒的名单震撼多了。
1292063,1360428,5,早安我的公主
1292063,3133031,5,二战，犹太人，伟大的父爱。看看人家拍战争片反应民族灾难的角度，甚至比《穿条纹睡衣的男孩》都要好。最后，儿子赢得了那辆坦克……
1292063,3206680,5,真正的强大是精神的强大。在那样一种苍白的环境中，父亲的轻松戏谑正代表了一种超越于苍白规则的精神强大。
1292063,172039742,5,一般對這種有關戰爭納粹的都不感興趣，總覺得是太黑暗太沈重的歷史，然而這部片父親對兒子以詼諧幽默的方式表達感覺滿有趣的，後面很感人，希望不要再有戰爭發生了！世界和平～
1292063,45134592,5,因为太好，我居然一时不知道该怎么夸它。前半段太浪漫，后半段太残忍，没有刻意的煽情，却让我难过的哭到不能自已………吐血超五星鼎力推荐！！！！无愧奥斯卡最佳男主和最佳外语片！！（居然还是自编自导自演，太牛了……）
1292063,150292300,5,类似的电影从来都不敢看第二遍，战争太残酷。本片加上亲情，有着表面的美好和幽默，根本承受不来。
1292063,113334551,5,电影前后的氛围对比真得犹如两个片子。乐观浪漫的基度，让我甚至不会去细想集中营有多么恐怖，也让他的离去只不过是犹如烟火绽放的两声枪声而已。影片最打动我的，就是在残酷的战争背景下对死亡和分离是如此看淡自然：基度摆摆手对叔叔大喊了一句“再见叔叔”；踩着滑稽欢快的步子去迎接死亡；甚至女主每次在得知可能发生的坏消息时，脸上除了隐约的担忧，仍有一份从容和坚定；最后妈妈和儿子重逢，儿子欢呼“我们赢了”，旁白音起，影片结束。没有痛哭，没有哀嚎，没有过度渲染时代的悲剧，脱衣，做工，搬铁，每个人都在有条不紊地进行着书写好的命运。那些陪着他在儿子面前演戏的人，同样很伟大。一个反应残酷战争的片子，却如此浪漫，回味无穷后劲十足。
1292063,1001960,5,人生苦短，活在当下
1292063,1433899,5,本来前1个小时以为全都是在讲爱情，坚持下去就好了。
1292063,51061132,5,笑了百分之九十九，最后却心疼的不行。只希望他不要死，好在还有妈妈和奖品在，留给了我一点快乐的泪
1292063,49033651,5,很多人吐槽这片子不真实，其实这个世界不仅需要现实题材的电影，也需要如此浪漫主义的电影，正如这个世界需要更多男主这样能带给大家希望的人。可叹的是，永远乐观、善良的人，往往在默默独自承受着这个世界的丑陋和恶意，不会把这些宣泄给他爱的人。
1292063,147003796,4,看完这部影片，不仅仅是感动，还告诉我们痛苦只是暂时的，只有乐观的人才能得到美丽的人生！
1292063,57298438,5,用这样一部浪漫温情的电影开启2020年真的很美丽人生了。任何一部位列口碑或者票房影史巅峰的电影都会被认为所谓【过誉】或者【不配】，其实无论是评分还是票房都是无数平凡的观众们一点一滴积累起来的，还是非常佩服贝尼尼能够想到这样一个极致温情的故事并亲自演绎了出来，两次正步走的画面都让我头皮发麻。映后互动真的挺不错的，大家都非常喜欢那份胶片书签啊，和电影一样浪漫美好。和《钢琴家》正面直接展现纳粹的冷酷不同，本片用最极致的温情去衬托出法西斯的可怕。即便在最残酷的年代经历最残酷的事情，有些美好和善良依然值得用一切甚至生命去守护！！！
1292063,49290419,3,不喜欢，很多画面很经典，但是被老师强迫看很不喜欢。当年班主任小丽推荐的电影，还以为是个默片。不过每次翻这部电影，会想起小丽。
1292063,157237265,5,"伟大的父爱
父爱重如山
温暖的亲情，令人动容。"
1292063,206911876,4,8分，这是我能给予这部片子的最高分了。要我说的话，这部片子更适合拍成默片，像卓别林或憨豆那种的，全程听着男主叭叭叭真的有点难受，整部片子给我一股用力过猛的感觉，很多地方前后有做到呼应与伏笔，这是很好的，但明显其中的夸张成分已经造成了失真。小孩出去找爸爸没被发现，爸爸滥用集中营广播没被发现，工作时说话太多没被发现，下雨天出了门口没被发现，旁边就是德国人时和小孩大声说话都没被发现，最后甚至一堆人莫名解放？如果是舞台剧的话这种形式我还能接受，但这部明显是有战争元素，而且是犹太人和集中营这种严肃的事，私以为不适用于喜剧强行加入。而且前期没战争时的喜剧元素也用力过猛了，所有的搞笑都是叠加在偷别人东西，弄坏别人的东西之上的，从现在的角度来看不可取，只会认为很烦，很甲亢，很有病，浪漫不一定就需要不真实。
1292063,4810525,2,恶俗、经不起推敲的细节，俗气无比的结构，满嘴跑火车的男主加上智商为0的德军，难怪频繁出现在“最过誉影片”之列。我不会说我分了两次才看完，其中还忍不住关掉一次，换成【八部半】看了半小时。
1292063,1025094,5,前半部笑，后半部哭
1292063,152658927,4,没有人的人生是完美的，但生命的每一刻都是美丽的。
1292063,154389899,5,父亲用温情淡化了被纳粹阴影笼罩的恐怖。人生在世，美好会永远存在于一个人的信仰和人生选择中…
1292063,128956983,3,《美丽人生》之谎言，犹如《沉静如海》之沉默，这未尝不也是一种戴着镣铐跳舞的绝美悲壮姿态；小男孩我见犹怜，但仍觉最后情绪递进仓促没有到位；可能是观前抱着超高期待，也可能是下午的《山椒大夫》花光了我所有的眼泪，这一部竟然成为了我私人观影史迄今为止第一部没有看哭我的二战电影。抱歉三星。
1292063,53485894,5,影片的前半段，诙谐搞笑，乐趣十足；后半段，感人肺腑，意味深长！为了维护叙利亚天真纯洁的思想，圭多编造了一个不可思议的美丽谎言，让自己的孩子在残酷的现实世界里也能够“健康快乐地成长”！最令我赞叹的是“善意的谎言”最终还得以实现了！真是让我又欣喜又赞叹！—— 2013.03.22 中国电影资料馆（艺术影院）：和两个朋友（力与佳）一在重温，她俩一个笑得比我开心，一个哭得比我伤心，反而不是看过且很喜爱这部电影的我最有强烈的观影情绪。
1292063,169089788,5,父亲的牺牲换给了儿子对这个世界的美丽的期望，是伟大的父爱为儿子创造了美丽的人生。
1292063,69290051,4,4.5。我妄想着外头空无一人的时候，某个来自另一时空的红衣女孩，和他手牵着手，从铁箱里走了出来。
1292063,4112660,5,父亲为保护自己所做的一切努力，日后回想起来该有多痛啊。因为太温柔了，所以太残酷了。每想起一点儿，那痛楚就深一点儿。
1292063,157243989,5,一个感人的黑色喜剧
1292063,49289313,5,一部《条纹睡衣的男孩》+一部《美丽人生》足以让观众对条纹衣和纳粹产生一辈子的心理阴影。美丽的不是人生，而是那个至死都不愿意拆穿的美丽谎言。看到他们受着那样的苦难，会不可自持地质疑圭多如何能够对残酷的生活保有一颗乐观的心，直到最后坦克开来纳粹倾覆的那刻，才终于知道一切苦难都有了意义
1292063,58206795,5,"七夕节看了这部喜剧与悲剧交融的经典。
贝尼尼自导自演，女主角也是他妻子~获了奥斯卡最佳男主角和外语片~
前半部分让我笑cry，各种绝妙的剧情，谜语、钥匙、帽子什么的！
中间在院子里的时间跳跃桥段很棒！
后半部分见真情，暖人心！贯穿始终的Humor是他面对苦难最强大的武器，这种人生境界是最伟大的"
1292063,157639282,5,男主在年轻的时候，给了女主一个美丽人生，在犹太人集中营的时候，给了儿子一个美丽人生。（PS：男女主现实生活中也是夫妻，圭多既是男主，也是导演）
1292063,104118815,4,"看得温暖而心酸，在纳粹如此残酷，死亡的阴影里，父亲用乐观开朗的生活态度，陪儿子度过童年。
"
1292063,150439723,4,据说很好，虽然我没看懂，但也不敢给低分😂
1292063,1317275,3,开篇用大段笔墨描写爱情，这部分的用意我在小时候没体会到的。全片和人设有欧洲喜剧的可爱温暖以及“假”，剧情安排有点刻意，近乎理想的童话状态（可能因此才感动了童年的我们）后半部分节奏有点赶，触及历史和人性太过肤浅。电影中的夫妻在现实中也是。看到自行车的三人段还是觉得很感动有代表性
1292063,173878266,5,前半段是美丽，后半段是人生
1292063,171372928,5,世界再残酷，人生再不完美，总有人能活出精彩，废墟上的雏菊，一样坚强又美丽
1292063,62675594,5,尽管世界充满战争的硝烟和残忍的争斗，还有一个童话的世界等着我们。我想要，生活在别处。
1292063,150168177,5, 没有人的人生是完美的，但生命的每一刻都是美丽的。 无论什么样的灾难降临，只要生命还在，生活始终要继续。 活着，就是最美丽的事。
1292063,172350963,4,为了看到阳光，我们来到了世上。为了成为阳光，我们存于世上。”
1292063,130069436,5,忘不了父亲被枪毙前的鬼脸。
1292063,147584043,5,早安。我的公主。充满温情的一部电影。虽然世界是残酷的，但是还有那么多可爱的人。
1292063,139532850,5,早安！公主！
1292063,1026315,3,我在想是不是有许多人对本片有误解。这是关于一个乐观幽默的青年的美丽人生，而他恰巧生活在大战年代。这个青年无心于大世界的抱负，甚至他对是非黑白的伦理道德问题也并不以为意，在他心中最重要的是取悦美人和儿子。但灾难降临，他无从逃脱，于是逆来顺受和儿子做了个游戏，人世残酷，你可以选择态度
1292063,1043499,4,那红地毯台阶莫非是《海上钢琴师》同款台阶，那广播留声机莫非也是《肖申克的救赎》同款广播留声机……那同款做爱台词在电影院莫非茫然无存？是的。
1292063,1264081,4,意大利语好聒噪 嗒搭大耷 嗒搭大耷
1292063,1127622,5,美丽浪漫得让人潸然的一部电影。平静的隐忍的乐观的人生态度。美丽得让语言失去能力。
1292063,172426957,5,父爱往往都是平凡却伟大的。为了不给孩子留下心理阴影，他骗儿子说这只是一个游戏，在接受集中营折磨的同时依然每天对儿子报以最灿烂的微笑，哪怕是生命的最后一刻，他依然给儿子留下欢乐的印象。
1292063,47631056,5,以爱和幸福铸成的谎言，其代价为生命。最大的谐剧亦即最大的肃剧，这才是人生，公主。
1292063,13419259,5,有时候会深深的被电影人物所打动，因为如此纯粹的乐观和善良在现实里看不到
1292063,51818484,5,父亲面对大灾难时仍然保持乐观向上的态度和对儿子真挚的爱令人感动，圭多的谎言总是如此令人恨不起来，那是全世界最美丽的谎言。8.7
1292063,156967679,4,用乐观积极的态度面对困境，或许结果并不美好，但你留下了希望。“早安，公主！”
1292063,157224553,5,父爱如山，是沉重的，同时也是温暖细腻的。
1292063,1999864,5,贝尼尼万岁～
1292063,34253320,5,当这个世界充满荒谬 悲苦莫名。却有人以看着疯狂而又愚蠢的方式 试图去编织一个完美的谎言 来让一颗年幼 单纯的心得以在快乐的嬉戏里渡过那段充满恐怖 遍布死亡的岁月。即使走向自己的死亡之路 他也要以最逗趣的方式 只因为一个孩子会看见。他不必遗憾 那份爱不曾因此终结 它完整无缺。
1292063,159406773,5,生动讲述了什么是父爱如山  片中爱情令人羡慕 希望有人将你当成他的公主
1292063,150207756,4,看的时候一会笑一会哭，善意的谎言真美好，被里面的父爱感动到了。
1292063,155618809,4,这是一位伟大的父亲，为孩子编织了美丽的谎言。为了不让孩子的童年留下阴影。
1292063,4403626,4,大银幕重看所带来的情感冲击力远胜曾经的那个15英寸电脑屏幕，最后无法控制住泪腺。但这确实是部矛盾的电影，其中蕴含的简单、美好、残酷下的荒诞与温暖如此真切与强烈，会掩盖住本身的诸多缺点；但一旦意识到这些缺点，又很真心说出瑕不掩瑜并给予忽视。
1292063,160870609,4,喜欢影片里乐观的人生态度
1295124,1253612,4,印象很深刻的是黑白画面中的红色。
1295124,1448897,5,有钱才能保护喜欢的人
1295124,2492362,4,“凡救人一命，即救全世界！”一段如此深刻的历史，多么希望它早早结束，但如此一部经典的影片你却永远都不想它完结。感动于良知，印象很深刻的永远是黑白画面中的那一抹红色。在任何时代，不管有多么的黑暗，都会有人性的光辉在闪烁着；经典的影片也不会因为缺失色彩而让人觉得沉闷。★★★★☆
1295124,1781395,5,这不止是剧情，更是技术、镜头、剪辑、演技和配乐的综合胜利。表达是一出技巧活，不以剧本和背景定优劣，这一切都是导演的功力和运气造成，不可求，但可遇——《辛德勒的名单》可谓厚积薄发。而实论背景，辛德勒本人之事尚存争议，电影却已在全世界人面前诠释并且定性了，由此可见媒体的影响之大
1295124,1253818,4,献给导演认真的态度和无数个小高潮
1295124,2436033,5,出门的时候，看到灯火辉煌的城市，会觉得一切幸福美好都是罪恶。。。
1295124,1127622,5,最后辛德勒摘下自己的胸针，说自己原本还能再救一个人，痛哭失声的时候，我也已经哭得不成人形。从电影的任何一个角度都达到了直击人心的力量，面对人性，面对生命，辛德勒做出了让历史铭记的选择。经典之至，感人至深。
1295124,1641349,5,“你从来不喝醉，那是绝佳的自制力。自制力就是权力。” “权力是当我们有绝对的理由去杀一个人的时候，我们却不那样做。那是古代帝王风范。那才是权力。”
1295124,63688511,5,连姆·尼森后来又演了《通勤营救》《空中营救》《飓风营救》，半辈子都在营救别人。幸亏《辛德拉的名单》当年没在中国上映，要不然中文译名可能会是《辛德勒营救》。
1295124,1311269,5,不仅仅是犹太人，而是整个人类的悲剧。
1295124,1067216,5,请看一部没有笑容的电影吧
1295124,1423569,5,救人一命就是救全世界.
1295124,154019316,5,辛德勒犹太人献给辛德勒的指环上写着：“凡救人一命，即救全世界。”当1100这个数字具化到一个个人名的时候，当片尾处影片中被救的犹太人原型出现时，才能真真切切地体会到指环上的那句希伯来经文的深刻。
1295124,153879820,4,辛德勒的名单，当时我看成希特勒了，还以为是间谍片，后来看了发现是救赎片。二战时期的片子大多是在救赎和摧残中纠结。日光之下再无鲜事。不过不能否认影片很不错。
1295124,1000152,5,救人一命等于救全人类。集中营进得来，出不去，除非你从焚尸炉的烟囱里爬出去。
1295124,50051173,5,这类片子，在我的概念里，和读书时四大名著同等级别，大部头，轻易不敢触碰，一旦决心看就要掏心掏肺100%投入。很辛苦。看完都像心灵负重走了长征。平庸之恶也许只是借口。真的猛士敢于面对人性的黑暗与软弱，敢于跳到体制中做出自己的选择。像伟大的犹太裔导演斯皮尔伯格致敬。
1295124,1142202,5,我哭死算了我
1295124,104118815,5,"斯皮尔伯格，犹太人，世界最著名的导演之一，他通过黑白映像把第二次世界大战中德国纳粹犯下的滔天罪行传播到世界各地，那段对犹太人灭绝人性的杀戮终于大白于天下。
苍天悲悯，辛德勒名单内是生命，外是死亡，他为此倾家荡产，1100犹太人得已生还，也记住了辛德勒这位伟人。
"
1295124,1048262,5,很棒，直击人心。不知道什么时候中国也能拍出这样的电影。
1295124,1005928,5,每一次看都有新鲜发现，每一次看都会内牛满面。/ 记第一次在中国大银幕观看 20190413 @天幕新彩云巨幕厅
1295124,169089788,5,"
特别喜欢的片子，心里特别难受，从音乐到场景都是很压抑、很凄凉。当看到犹太人把金牙抠下来铸成了一枚戒指送给辛德勒那段时我已不禁泪如雨下。这部电影无论是在思想、剧情、摄影、音乐都做到了目前战争片的极致水平。"
1295124,1019579,5,又看了一遍《辛德勒的名单》。斯皮尔伯格像小学生第一次交作业一样用心、虔诚、小心翼翼。每个创作者都该记住自己的这个第一次。 
1295124,4416375,5,爱电影必看的一部，黑白色里的红衣小女孩和温暖的烛光令人印象尤其深刻——导演很清楚我们需要怎样的震撼和感动
1295124,1000117,5,人性之恶，生命之荒谬
1295124,45134592,4,一部没太大感觉的公认神片，拍的的确是很真实，但或许我口味重了点，还嫌不够残酷吧……最后辛德勒对着一千多人的一番话泪崩了，我和同学俩大男人在自习室默默泪流再默默用纸巾抹泪的场景太喜感了
1295124,1190351,3,导演很清楚观众会喜欢什么，而这正是我不喜欢的地方
1295124,164579905,5,Amon是一个塑造的比Schindler更立体的人物…信仰、情感与人性的冲突、矛盾和对立…像电影里说的“也许…你不是错的，错的是这个世界”他爱上了Helen但是他不敢承认，他对Schindler说想要带Helen回家与她白头到老…但 nazi 他所一直服从的信仰 不允许他承认 不允许他去爱。他明知道Schindler 的行为是为了什么 目的是什么 但他默许了。在Schindler亲吻犹太女孩之后找借口为他求情。Amon像一个没长大的孩子，对很多事情是迷茫的，nazism好像是他唯一可以依靠的东西。在Schindler告诉他“饶恕才是权利”之后，他像个孩子一样 用一种与平日commander截然不同的语气尝试着说出饶恕 的话语，往日他从未讲过的话语“ i forgive you” 十分的生疏
1295124,62469238,5,主旋律，片段化，但是掩饰不住那份执着和认真的制作态度。最美的摄影果真都是黑白。光影运用极其出色。若干小高潮和小细节令人惊愕。让英国演员蹩脚的说带德国口音的英语到底还是阻碍了表演，让人出戏并加强做作感。人物塑造尚可，男主前后反差有点大，过渡没有做好，最后拔高有刻意感。
1295124,3859503,1,2021年回来改成1星，千方百计利用媒体洗白自己的犹太资本家终于还是在全世界人民的目光下撕下了伪装，恶龙竟是我自己
1295124,1217919,5,美好的人性给我们这个丑恶的世界带来了一点希望。20200926重温。20230506重温。
1295124,153257222,5,对里面纳粹扫荡犹太区，辛德勒立马山头那段印象很深，那抹全剧中唯一的红色真的让无数人揪起了心。约翰•威廉姆斯的犹太童谣配乐配得太好了，特意去搜了下中文歌词，无论我说错了什么都不要在意，我只想要你好好回来。。
1295124,49290419,5,这部电影的价值是用影调还原了值得铭记的一段故事，或许经年以后屠杀犹太人从近代史划归到古代史，这场灾难的伤痕逐渐淡却，依然会有后人因这样一部电影记得人类曾有过的仁慈与博爱。黑白影调中红衣小女孩和温暖烛光成为经典，《另一个故乡》也有运用。故事上《钢琴家》后来亦有诠释，但经典值得永恒。
1295124,43728521,5,"豆瓣戾气一点也不比知乎轻。这样的电影还有人说媚俗，真是愚蠢。

有一天大概也要去辛德勒种下的那棵树前面站一会儿吧。"
1295124,153935526,4,我可以冷漠的看完整部影片。我深知我改变不了世界甚至改变不了自己
1295124,1123543,5,"是经典,都该看一看."
1295124,49948621,5,大银幕前重温这部，真有种避无可避的恐慌，枪支举起，下一秒的肝脑涂地近在眼前。枪子卡住那一幕，也就比惯性的扫射更为可怕。Goeth笑话Schindler，给予他们希望，才是最残忍的。就像红色可以比什么都苍白一样。看到最后他哽咽在别人自由的海洋里，一辆车可以再换十条性命，一个胸章，至少能再活一个啊。人哭软了，矮下去的一刻却比神灵高大。我们看了那么多反思战争的电影，可那么多年了，战争依然不是故纸堆里的鬼故事。三大男主塑造得极其丰满，大大小小的配角，也都在有限的篇幅里赢取了绵长的记忆点。乖戾的Goeth长了Fiennes这张颠倒众生的脸，大特写一个接一个，格外地动山摇。@北影节，天幕，20190413
1295124,13419259,4,佛说救人一命胜造七级浮屠，慈悲的伟大在于重视生命大于利益
1295124,1826149,3,"属于看时激动,看完越想越没意思的那种"
1295124,1424151,5,黑白影像，关乎生命，在每一个长镜头里，都看到生命的跃动
1295124,3540441,5,25周年大银幕重映，斯皮尔伯格特地加了一段intro。资本家的但丁神曲。
1295124,171308410,5,看完好激动，总之不管坏人好人手里还是要有钱有权才能肆意
1295124,3574203,5,辛德勒就是个大好人，救了好多人的性命，我印象最深就是扫雪那里。
1295124,49419788,3,我实在没有耐性去看这部3个多小时的电影。还故意搞成黑白的！对我来说太冗长了，受不了。大家都说好，我也跟着说好吧。按着快进看完的，而且我觉得电影简介比电影本身所要表达的意思和主题好看。
1295124,2049622,3,2.5  切入大屠杀的角度很俗气，没啥智性思考也没啥真正要说的话，满足于“再现”，满足于“故事”，满足于“态度”。即便按好莱坞的编剧法则评估，辛德勒的心理动机亦失之含混。
1295124,1917438,5,以前不爱看 现在觉得超牛逼
1295124,1025094,5,脑中回荡着耶利米哀歌。每一个镜头都撕裂我。
1295124,1442320,3,其实何必要丑化犹太人来衬托男主角
1295124,1387717,3,老斯的电影人物似乎都是理念先行按照某种气质打造的木偶，没一个生动鲜活的。除了集中营惨烈场面偶有惊吓外，大部分时候只觉得看得累。
1295124,169169663,4,人性的罪恶会被扩大和释放，当你所处的社会无比黑暗，压抑时！
1295124,159353054,5,印象最深的两个场景：教士跪在地上经历了N次死亡；辛德勒说他的车他的金徽章……
1295124,144305995,4,全片黑白，那个红色衣服的女孩太亮眼，亮眼得有些刺目。总有人说影片具有长久的意义巴拉巴拉，个人觉得任何东西都有时效性，就像我现在看永远都不会有那个时候人们看时的震撼……
1295124,69290051,5,这是斯皮尔伯格一生最伟大的作品。只是在茫茫受阻抑或被屠杀的犹太人面前，在沧海桑田的历史面前，这依旧是微不足道的一笔，但同时也是它完胜一切赞颂人性作品的原因所在：如同那每一个看不见边界、看不见人群队末的镜头一样，善恶无常，絮絮不止。
1295124,67993973,5,没有二刷《美丽人生》那般剧本工整，但人类历史就是有此残缺一页，救赎在屠杀面前微不足道，人性弧光在罪恶面前莹莹微火，而得以伟大绵延
1295124,1275416,5,它深刻地揭露了德国法西斯屠杀犹太人的恐怖罪行，并且具有极高的艺术性，它的思想的严肃性和非凡的艺术表现力都达到了几乎难以超越的深度。我们为它颁发奥斯卡大奖，对于影片的成就来说这是当之无愧的。而史蒂芬·斯皮尔伯格也以此片第１次夺得了奥斯卡最佳导演奖，对于他的才华来说，这是一份迟到的肯定。——第６６届奥斯卡奖评委会
1295124,2431044,5,战争中关于人性的思考。
1295124,172403171,5,辛德勒名单，高中课本就有这么一篇课文，老师在上到这节课时给我们放了这部影片，深刻的感受到战争的残酷。
1295124,70990506,5,9/10。辛德勒出场伴随戒指、别针、领带和抽屉里的钱一系列特写，表明是注重细节的人，进入会计的办公室无礼地坐上桌使会计仰望着他，画面中辛德勒占据更大位置，从火车站救出会计时，会计苦苦解释像个可怜虫般挤至画面边缘，此时的辛德眼里只有权力：口头下令采购物品讨好纳粹军官之后，时空转换到犹太工人各地匆忙采购水果、罐头等物品，这组声画对立意在表现犹太人拿工作换命，被辛德勒的权力利用的不平等地位，天空飘舞到车上的骨灰、焚尸堆死掉的红衣姑娘则唤醒辛德勒的人性；阿蒙象征精神分裂下法西斯的残暴，有一场戏他听取辛德勒关于权力的建议，接着照镜子看了一眼女仆修的指甲：他嫉妒辛德勒敢公开亲吻犹太姑娘，克制不了对女仆的爱在地窖殴打她，镜像自我唤醒情欲的杀意，射杀之前赦免的男孩。拿狙击枪扭脖子做早操的日常动作突出人性邪恶面。
1295124,153293304,5,影片在压抑与感动中看完 唉 战争无情人有情 据说当时是可以制作彩色电影的 只是为了更好的表现剧本 导演选择黑白电影 除了那个小女孩的红色身影外 
1295124,4403626,5,斯皮尔伯格最呕心沥血的作品，他的心血凝结于此，每个人都可以感受那股力量。
1295124,77462450,4,"不是很能看出辛德勒转变的心路历程…
今天恰好是南京大屠杀公祭日，只是在想，要是把德国人换成日本人，犹太人换成中国人，在大部分日本鬼子杀疯了时有一个日本人突然良心发现救了一千个中国人，多年后某国拍了部电影来反映南京大屠杀的残忍与该日本人的人性犹存…不知道犹太人看了这影片会有什么感觉
不得不说，这种文化软实力还是很重要的，要是国人能拍出引起全球人民共情的优秀抗日片，那就是国家公关的一大胜利"
1295124,2154137,5,他在折磨我！他让我胸闷气急耳鸣头晕梗咽睡不着！不是出于感动，不是出于人性，似乎是更加接近情感本质的一种莫名的情感，有点类似于委屈和无助。大清剿的那段看了一遍又一遍，红衣小女孩的尸体被挖出来的那段看了一遍又一遍，辛德勒痛哭的那段看了一遍又一遍，无法从中释怀……他们在折磨我！折磨我！
1295124,2586116,5,【拯救一人，即救全世界】在他们的眼中，可以看到对命运不可知和死亡的恐惧，在二战屠杀犹太人的历史中，有着人性至恶以及最黑暗处所衍生出来的善。和《夜与雾》的客观叙述不同，这里除了一个好的题材，还有一个好的故事，影片行云流水。“红衣小女孩”“点燃蜡烛”及最后的彩色影调无一不是希望和重生
1295124,152434281,4,任何时刻，生命都值得被尊重，不允许任意践踏。
1295124,142022277,5,黑白的画面，我一时分不清是在下雪，还是在飘着逝者的骨灰……
1295124,55558878,5,一部伟大的作品，从黑白走入彩色给人极大的震撼。看过二战纪实纪录片，屠杀人类简直就是人性的泯灭，而辛德勒的名单就是黑暗中人性的一道曙光。
1295124,9083557,5,什么是权力？当一个人犯了罪，法官依法判他死刑。这不叫权力，这叫正义。而当一个人同样犯了罪，皇帝可判他死也可以不判他死。于是赦免了他。这就叫权力。
1295124,4285566,5,震撼且感人。摄影、配乐、表演等近乎完美，有一些年代错误和穿帮，而且我不喜欢剧本里过于追求面面俱到展示犹太人被迫害，以至于中间大篇幅都一度以犹太人为中心而并非辛德勒。能看出导演在很克制地煽情并尽量减少刻意和做作（但还是有）。四星半//【北京电影节展映】克制的黑白影像与大银幕的冲击力交相辉映，带来震撼无比触动心弦的效果。连姆尼森与拉尔夫费因斯竞相飙戏，尽显实力。在些许煽情的节奏中，在揪心的视觉冲击与难忍的泪水中，三个多小时转瞬而逝。映后听沙丹介绍，才知这场放映是本片20多年来的大陆首次公映，顿觉荣幸。（还是忍不住感慨：纳粹集中营与苏联古拉格比起来，真是小巫见大巫）
1295124,159406773,4,也是因为这部电影揭露了纳粹的残暴恶行 以至于不管什么想起我总是觉得莫名恐惧 但依然能感受到这世间的美好
1295124,74036190,3,远不如《钢琴家》更深刻，虽然画面冲击力很足，但整体仍有些隔靴搔痒。红衣小女孩的两次出现，把唯利是图的纳粹商人彻底改变还是很欠缺说服力，不要扯什么人性本善。所以结尾的用力煽情，就更觉得奇怪了。
1295124,57542378,5,《辛德勒的名单》采用老旧的黑白电影手法，却呈现了最为斑斓辉煌的人性，电影的胜利不仅在于剧情，镜头，演员，更在于这本自真实的故事，这个关乎辛德勒先生挽救犹太人标杆性的故事与史蒂文·斯皮尔伯格的执导，共同营造了这部电影史上瑰宝级的电影。“凡救一命，即救全世界”这既是电影最美的光。
1295124,10969301,5,那个红色的小女孩
1295124,3887202,5,80年前的一个纳粹用钱拯救了1200条人命，80年后战争仍在继续。
1295124,158123544,5,没有人性的战争中依然闪耀着人性的光辉，震撼人心的影片啊！
1295124,49503327,5,经典，值得一再的回味。看一次哭一次！
1295124,45119642,5,片刻的生命，也是生命。红色起，希望升；红色落，人命陨。奥斯卡·辛德勒说的很对，活下来的犹太人们要感谢自己，感谢相互扶持的人。犹太人是在忍耐中活下来的。正如中国。8年抗战，有义士，有汉奸。但最终赢下这场战争的，是几万万坚忍的普通中国人。战争的主角不是屈指可数的英雄，而是最普通的人民
1295124,4150687,5,看这种片子真的太需要心理能量了TUT，分两次看完的。斯皮尔伯格真的是当代巨匠了，无论是电影技法还是电影深度，都做到沉稳里有狡黠，悲悯中藏克制，是一种哀恸而冷静的凝视。
1295124,77659294,5,能看上两遍都不腻的黑白杰作，印象深刻的红色小尸体震撼心灵，经典就是这样铸造而成的。
1295124,144280211,5,战争是可怕的  幸好我们活在和平的年代  每救一个人就是救了全世界 辛德勒哭泣自己做得还不够  真的很伟大  这个还是真实故事改编的  震撼  感人 经典的电影  我也想在你的墓碑上放上石头  
1295124,47373915,5,当奥斯卡摘掉戒指说这个戒指也能救两个人的时候我泪奔了。斯导的绝对巅峰之作，完全从另一个角度描写二战的巅峰之作，后世完全无法超越的关于二战的巅峰之作。
1295124,2083052,1,据说小斯在拍电影的时候，哭得很惨——犹太人嘛！但是反思德国人的种族歧视时煞有介事，怎么对中国人就是另一副嘴脸呢！伪君子给与低评！
1889243,44290578,5,时间可以伸缩和折叠，唯独不能倒退。你的鹤发或许是我的童颜，而我一次呼吸能抵过你此生的岁月。
1889243,1005928,5,太壮阔了，无以言表！40'渐入佳境，80'叹为观止，120'泪流满面，160'恍如隔世…不曾如此贴近浩瀚星空，被它环抱；不曾如此触摸生命之弦，遁入五维幻境。瑕不掩瑜的科幻神作，刷新视觉的IMAX体验，观影前撒好尿，准备接受近三小时的泪腺洗礼。“爱是一种力量，让我们超越时空感知它的存在”-发自豆瓣App
1889243,48453695,5,我想给100颗星，这可能是我至今看过最令我震撼的电影了。到电影结束时候还不断流泪，奇迹不是因为有上帝 也不是有什么不可知的 某种力量，正是我们自己，人类不相信人类的力量把那些我们无可预知的奇迹都认为是上帝的功劳。若兰把我的世界观如此震撼人心的展现出来，我感觉我现在都激动得语无伦次了
1889243,2216271,5,"整场基本屏住呼吸,瞠目结舌,无话可说.在香港这么多年除了电影节我第一次碰见放映结束观众集体鼓掌的.去年看完Gravity我觉得太空科幻片已经拍到头了,然后Nolan大神把我这点眼界碾压得粉碎.三体迷不必再较真拍三体这事Nolan已经把后半部给拍了."
1889243,66738259,5,看完没人起立鼓掌，因为全跪着。
1889243,1491623,5,三体迷们不用担心电影版会拍的稀烂啦！章北海船长，面壁人希恩斯，高维碎片，青铜时代和万有引力舰太空大战，冬眠和星际航行，三体世界的荒芜，高维世界的样貌，云天明的童话，诺兰新作中一次性看完！#刚刚看完星际穿越interstellar，感觉自己萌萌哒#
1889243,35510811,5,非常理想化，所以显得很有种，没有公司敢让任何人拍这样的电影。致敬库布里克的镜头体现了导演的少女心。但有2001珠玉在前，我认为这部顶多和它并驾齐驱。诺兰尽其所能拍出了触手可及的科幻，硬核又充满人性，温情又隐含黑暗面，让人潸然泪下。“理想化”是不是削弱了剧本？大家保留各自意见吧。
1889243,1329080,5,天地玄黄，宇宙洪荒。英雄气笃，儿女情长。
1889243,2054946,1,二刷极烂，没一点好
1889243,53485894,5,2011年11月有《雨果》，2012年11月有《少年派的奇幻漂流》，2013年11月有《地心引力》，2014年11月有《星际穿越》，……前三部电影分别获得11、10、11项的奥斯卡提名，然后都拿下最佳摄影和最佳视觉效果奖，由此，我们可以预测《星际穿越》2015年的奥斯卡提名数和最佳摄影+视觉效果拿奖的可能性？……
1889243,44889149,5,相比诺兰之前的片子，这部显得比较慢热。然而前两段的层层铺垫终于迎来了第三段主题呈现的水银泻地。Inception仅仅一笔带过的亲情成为了这部电影的核心母题。麦康纳和查斯坦的精湛演技，胶片IMAX呈现出的影像质感，实拍特效的震撼人心，平行剪辑的完美流畅，寂寞大叔创造性的管风琴配乐，神一样的诺兰
1889243,3540441,4,以地球全部北京化（咦？）为背景的近未来硬科幻，对虫洞、重力和时间维度都有新颖的理解，刻画的浩瀚宇宙让人目眩。可惜诺兰的野心太大（真的是bigger than bigger！），而且把人性拔那么高，到最后就成太空神棍片了...
1889243,63688511,5,"对我们来说二维空间就是一张纸，从纸的一端走到另一端最快的方式是把它折起来。
对五维生物来说三维空间也是一张纸，是可以折起来的。
他们不仅可以将三维空间折起来，对他们来说时间也是实体的存在。
根据相对论，黑洞附近的引力太大，时间会变慢，米勒星球1小时等于地球7年。
米勒星球的配乐《Mountains》有密集的滴答声，每滴答一次，地球上就过去了1天。
《星际穿越》的黑洞并不是随便做的，电影上映5年后NASA发布了一张黑洞的效果图，证明了《星际穿越》的黑洞模型是严谨而准确的。 
为了拍玉米地，诺兰真的种了一片玉米，拍完电影卖玉米还赚了钱。
为了拍五维空间，诺兰真的搭了一个五维空间的景。
也许100年后的人们看这部电影会比我们更加感到震撼，因为他们会发现这部电影很多设想都是对的。
奥斯卡欠《星际穿越》一个小金人。"
1889243,54883420,5,安妮海瑟薇最后变成了谁？对了，女娲嘛。
1889243,1032989,4,一边太空冒险，一边是通俗的情感戏。无论外表多硬科幻：虫洞、黑洞、太空冒险、多维空间……最核心的仍是亲情与爱。科学与理论其实都是为感情服务的，用很硬的外壳包裹最柔软的情感。也因为此，它不会是2001那样严肃伟大的科幻片，但却有更饱满的感情。包括那些泪点
1889243,2279829,5,诺兰的科幻片其实和传统意义上的「科幻片」不是一个体系。
1889243,1663648,4,严格说，这不是一部太空电影，太空片之所以特殊，是因为它能打破伦理性视角，而从超越维度（宇宙论，宗教）重新把握人类社会。而诺兰的努力，则更近于用物理学之外的盲点，拔高人伦价值。这个观点借电影视听效果获得了情感上的保证。但也牺牲了形而上的深度。
1889243,61712114,5,看哭了，哭的非常惨，从没想过一部电影能给我带来这样可怕的震撼；现在看完已经两个小时了，但深深印在脑海里的那些元素：诺兰的技巧，马修的演技，季默的配乐，以及亲情的最终命题，都让我的心脏又回到观影时的那种几乎炸裂的感觉。我觉得要很长时间才能缓过来了。
1889243,2524948,4,如果要给这部电影分级，我决定叫他逼级片。
1889243,51665133,5,就是……看完这个片子……一出影厅……再看到走廊里其他电影海报……就觉得……它们都特别没意义……哈哈……
1889243,45641610,3,槽点缺点太多，尤其讨厌达蒙和阿弗莱克的段落以及相互对应的那段剪辑，拍得太笨拙生硬，但对接戏又是近年来最让我印象深刻的片段，配乐也是。| 2017重看减至三星
1889243,2520407,2,两星半给配乐演员和几个画面分一下。诺兰电影里对人性的阐述简直就像中学生一样自以为深刻又理智，结果剧情转折啊非正面人物啊都快成unintentional comedy了。视听方面除了有钱有技术，并没有觉得有什么创新，还有诺兰拍动作戏太！难！看！了！还好是用的赠票。
1889243,1033322,3,相比镜头语言来说，诺兰的剧本还是总会有新意，把古人的“恍如隔世”完美演绎出来，和《未来学大会》一样，人类最无私的亲情又一次拯救了人类本身。不过比较遗憾的是，诺兰的科幻既硬不起来，只能大打煽情牌软科幻，可惜和他片中致敬的前辈相比还是相差千里。
1889243,1128221,4,致女儿书。全世界的导演都在解决时间问题，拍科幻片的诺兰更是。不管别人说好还是不好，它都值得你进电影院。这部诺兰电影有一个硬邦邦的外壳，内里却是软绵绵的情感。大半时间，它是缓慢的文艺片，一小部分是科幻恐怖片。因爱生忧，有爱不死。有人这么说。
1889243,2049622,3,诺兰的瓶颈就是三观问题
1889243,1082136,0,急死文科生了。
1889243,3146387,5,世界上最遥远的距离，不是天涯海角，也不是生离死别，而是我就站在你书架的背后看着你成长老去，却只能孤独地玩着沙子和摩斯密码，顺便长生不老。
1889243,3995080,4,这次烧脑的不是故事结构，而是星际穿越的理论，然后根据这些理论制造出来的视觉奇观，剧作结构依旧是诺兰常用的平行蒙太奇加速，最后的反转也算是回环式了。很传统的好莱坞类型片写作，细节和伏笔的运用上绝对是教科书式的级别，理论难不难懂倒不是重点，因为故事的内核始终是（父）爱。★★★★
1889243,2371687,2,戏剧性相当之弱，宇宙的镜头很美；以三个小时的电影来说非常赶，设定上似乎不太完满；剧本对话和表演都不太出彩；相当多向2001致敬的镜头，所以粉丝或许有一看的理由。
1889243,14407242,5,一个好geek是多么提高人类幸福度的存在：会写好剧本，会挑好演员，音乐品味也好。。一个好geek和一个好导演的合体。。于是有了这个野心勃勃主题里有细细密密的亲情的抓马科幻片。。只是小阿弗莱克和达蒙那两个设置也太鸡肋而且不讨喜了吧！（还是要打五星！
1889243,148430051,5,等我死的时候替我烧一盘蓝光的
1889243,1182135,4,1. 丰富逼真的视觉细节，荧幕效果激动人心；2. 虫洞的视觉展示是里程碑性的，将永载影史；3. 机器人的造型和变形新颖富幽默感；4，大环境设置的现实主义和浪漫主义的结合；5. 对黑洞奇点的猜想和哲思高度明显差距库氏，却依然不乏亮点。任何仰望星空的科幻迷都应仔细观看。
1889243,38369473,4,人性与爱点亮洪荒，指明自我救赎。内核通俗且并不新颖，前有《超时空接触》，但诺兰处理得比其他作品优秀。基于现有的理论进行创新，一部很有野心也够完整的商业科幻片。地球上的戏以及家庭戏走得是早中期斯皮尔伯格的风格，熟悉无比，一直见血，直击泪点。进入黑洞后不太像是sci-fi，是fantasy。
1889243,3421868,5,几近完美的观影体验。科幻的外衣下（这外衣真的很赞，特效技巧恰到好处，丝毫没有喧宾夺主），最可贵的是毫不做作、拒绝刻意煽情的剧情（No doubt！诺兰也有个baby girl）。演员阵容强悍（海瑟薇真的拼不过马修蜀黍。。），唯一的缺憾是，对于非nc粉前戏可能过长。另，如果有条件，请一定去imax！
1889243,5498220,5,我喜欢，如果人生是一个闭环的环形废墟，那么起点和终点就是爱和亲情在等待我们。
1889243,1203352,5,朝阳大悦城10月12日晚10点半那场，4排嗑瓜子的某位中年男士，我诅咒你下辈子是一株向日葵。
1889243,10464792,2,除了少数全景特效镜头，通篇唠叨+特写+浅焦，达不到2001的默片式太空景观，好歹要像地心引力那样运用景深进行视觉化展现，坚守IMAX胶片拍摄结果全用来拍人脸，想普及科学知识科普片都比你深入浅出视觉性强，这货根本就不是太空电影不是sci-fi整个一melodrama。All you need is love？滚粗吧
1889243,1147451,3,终究没硬到底，这么多婆妈情感戏削弱探索太空的幽深神秘及恐惧，请不要再玩美式顾家高能个人英雄拯救世界的老梗了；不少平行剪辑的段落老套，煽情太过，直白得吃惊，这就是人性的光辉么？理科差生已被科普，还算烧脑？谓神作差矣，视效好，穿越瞬间几乎失语，五维空间太盗梦感；原谅我毫无泪意。
1889243,47643947,5,极纯粹的情怀——对人类命运的关切，漂流星际的孤寂，对未来的希冀，沉淀在品质中有力而不彰的爱。人类高贵之时就应该这样生活，而不是像陷身泥沼一样在自己的义和罪，乐与苦中呢喃哭泣。气势磅薄的史诗，甚至是上主的史诗。后到教会我没法祷告，因为观影时虔诚已经耗尽；看完后我禁不住轻轻鼓掌。
1889243,1956648,4,4.5，70mm IMAX太棒。視覺壯麗，很久沒看到這樣格局宏大的硬科幻大片了。裡面說「可以穿越空間、時間的只有重力」。如果在後面加上一句還有愛，大概就是他的主軸了，可說諾蘭情感最豐沛的一次。其實結尾收法我自己沒有那麼喜歡，但見仁見智。
1889243,4072546,5,居然看哭了3次我靠……
1889243,1809547,2,要不是喜欢马修麦康纳和安妮海瑟薇，这部片还蛮烂的。什么plan A和plan B啊，明明就是plan bad和plan dead好吗！几个探险队员组成的神风敢死队，用爱拯救世界，神棍般穿越到五维空间，最后搞半天还是好莱坞式的英雄撞上小机率事件神奇拯救世界并且大团圆，摔，早知道多买一桶爆米花了。
1889243,2608560,4,诺兰一直在引领全世界的文艺青年，玩文艺已经过时了，现如今真正的文艺青年应该是科学逼，懂虫洞懂时空穿梭懂物理化学生物天文地理才是真正的文艺青年。
1889243,1114759,5,情感力量高于一切宇宙哲学。
1889243,1999864,5,能用知识解释的叫做科学，无法用语言形容的叫做爱。
1889243,2736556,5,心目中科幻片第一名多年来第一次易主！别名可以考虑《时间旅行者的女儿》。过虫洞的时候，没想到有黑洞，过了黑洞居然后面更精彩！没看到人脸时一听到那个口齿就知道是马修大叔！他背肌真好看啊！海瑟薇短发真是让人想抱大腿！各成分配比都恰到好处。真是棒极了！
1889243,139626150,5,看了破球2。又想重温一下经典。拜托别拿破球来对比星际穿越，真的是侮辱星际穿越了
1889243,1000001,4,符合预期，没有超出
1889243,2679948,5,唯重力与爱不可辜负
1889243,141978545,5,刚看了流浪地球2。竟然我有人说能超越星际穿越……我真是无语了
1889243,1186285,5,以后三体拍成这个水平就可以了。
1889243,53336808,2,适合迷影狗以外一切人类 这是一个很传统的核 包了很多花活 各种情节剧式的扁平角色 操着（并非因术语而生硬）的台词 创造出并不新鲜的场面 在就院线片而言很烂的节奏下拯救世界 当然我的知识结构不足以让我看出花活的好 只觉得各部分都很剥离 启示：多干实事 帮人救人 少逼逼
1889243,20823132,5,我真的看哭了，伴随着汉斯季默的配乐，黑洞里那段我已经快要跪在地上抹眼泪了。每当这时就要感慨语言的苍白，”震撼“和“好看”已不足以形容这部电影，我恨不得用上“救赎”“人类史诗”这些夸张字眼。更感慨的是美国电影工业已经达到这种境界了，真是人类要看电影了所以上帝创造了诺兰
1889243,1481725,5,爱在重力作用下穿越时间，就是人类存在的维度。
1889243,1521181,3,在布拉格看的胶片首映，很失望。首先必须承认这片子的范畴和眼界都是无可比拟的，可惜诺兰想探讨的东西太多，以至于没有把任何一个话题深入探索。整个家庭戏和爱啊什么完全不必要，而星际穿越对人类的意义、时间成为另外一个维度之类的有趣话题则浅尝辄止。下一个2001何时回来呢？
1889243,1025094,4,奥古斯丁写上帝：“你的岁月无往无来，永是现在，我们的昨天和明天，在你的今天之中过去和到来。“然而，即便我们竭尽了全力穿越星际，进入了上帝创造最奥秘的核心，时光也只能如飞而去，失去的永不再返。容颜可以永驻，却不能挽回心的衰老，也不能补偿和亲爱的人们在一起的每个微小而美丽的瞬间。
1889243,3416004,5,一个硬科幻却觉得无比真实，安静慢热，听得到宇宙的真实。我父亲也是个飞行员，三小时眼泪停不下来，又绝望又无力。藏在烧脑物理背后的，是人最本能的感情。爱，本身就是最科幻无解的力量。诺兰舍弃3D用胶片是正确的决定。我想我是孤独的，最后那一眼。好想拥抱麦康纳和海瑟薇。
1889243,49290419,5,有一种信仰叫做诺兰，如果绝大部分好电影还停留在好看的层面，星际穿越已经是伟大了。真幸福，我们的时代有一个叫做诺兰的大师。感觉和诺兰已经相隔了不止一个世纪了，他让我们看到了电影工业的未来。浩瀚宇宙，无限憧憬。电影的讲述已是超越了现实世界，完美的交错剪辑配乐，看得心旌荡漾，热泪盈眶。
1889243,1064115,5,理论完全不懂，蠢了傻了地方肯定多，父女情也算不上打动我；但有人拍这样的科幻大片真好
1889243,14597285,4,有人说这片子把爱融入到科技里特别新颖，这我就不懂了……好莱坞大片的主题难道不都是：All you need is love吗……
1889243,1049139,1,呵呵。
1889243,1043499,5,Do Not Go Gentle Into That Good Night ……刘慈欣的山、博尔赫斯的图书馆、时间源头的中年亚当夏娃……感觉安妮·海瑟薇的表演多少还是有点用力过度，一作苦脸马上跟赵薇串脸哈哈……情节设计其实没有太多称道之处、但这年头还能拍这么慢节奏还能大卖的值得再加一星
1889243,1187085,5,全片对库布里克《2001太空漫游》探讨终极奥德赛的“回归”，回归本源，寻找一处家园。维度之外，时间不死，圆圈不圆。人类最基本的情感，一个少女的童年，生死的意义，疯狂燎原的时间，永恒的爱。看完泪流满面，记起小时候和同学一起她给我解释维度和空间，回忆如鬼魂席卷，神性之光照耀自己的本源。
1889243,1181212,5,其实主题还是美国精神那一套，只是这部电影的感情太细腻了。看的时候哭惨了，因为男主人公和他女儿的感情，眼泪都哭干了。如果我没成为父亲，肯定不会如此。看的时候不停想起我儿子，我在心里说：宝宝，我要给你最长久、最温柔的爱，我要咆哮战斗，因为我想成为你心目中的超级英雄……
1889243,3823154,2,最看不惯就是把诺兰捧到天上的，就这点花俏的叙述方式和三句不离主旋律正确价值观的俗辣从哪里来的优越感哦？说回来这个故事远没有月球，地心引力来得精彩，时间是乏味的长，哭爹喊娘煽情无节制，演员也中规中矩，至于特效，不如去看2001太空漫游还比较飞
1889243,2583895,5,诺兰握着一部可以成为丰碑的电影，狠狠地向商业人文精神低下了头。于是，一部片子结尾有太多地方是该断不断。一边看一边期待着就这样收尾吧，可它还是奔向好莱坞传统科幻片一去不回头。主要主角的形象塑造都不错，配角也是打酱油的处理。几个结点埋的都很薄，从开头就可以预见结尾的情节走向。
1889243,2744437,5,"散场后第一件事是查“Do not go gentle into that good night""出自哪里。可能我就是被诺兰率先抛弃的那类观众。【重看2020.02.01】"
1889243,1019579,4,正常的好，情感溶入比《盗梦空间》做的扎实、充沛，看到最后，不可避免，热泪涌出。可是，几乎没有除情感之外的震撼力量，对想象、好奇、激情的触发，甚至不如《普罗米修斯》。在“宇宙与人”这一宏大命题面前，诺兰突然变成斯皮尔伯格，止步于个体情感的抚慰，确实让人感到小小的遗憾。
1889243,1553180,5,2014年11月15日：今夜，一个人，看了本世纪最伟大的电影。除了颤栗与流泪，我会，竭尽全力，用我枯萎的语言去诉说。
1889243,3492001,4,居然看哭了。。。
1889243,69290051,5,它不具备一部神作该有的样子，它揉合了太多前人的影子，它拥有诺兰所有作品中最充沛的情感，它的最后一幕不再是绝望的醒悟。绝不会是传统意义上的神作，因为它是足以拿它自身当里程碑的神作；时间的冲刷不会证明它的地位，因为当后人翻出来朝圣的时候，会发现它就代表着时间。→20.8.2 西宁第三刷with fhl。时隔六年重温，后疫情第一部院线。刚从FIRST的观影模式中抽离出来，进了影院还在不用取票和黑幕鼓掌的惯性里。另外，没有中断消毒，悄悄喊一声好样的。有比印象中更疲软的，也有更强悍的。疲软之处是，彼时的诺兰作为叙事信息的奴隶，无力于藉感知输出感知，首当其冲即对画幅作为语言元素之“歧义”的高度不敏感。强悍之处则是，曾经遗憾于它本核的非科学，如今才后知后觉：诺兰费劲全力论证的正是“非科学”的科学性。
1889243,6674333,5,救世主是一项无人能取代的工作，父亲也是……
1889243,3495654,5,年度最佳IMAX，私谓之“伟大”。断粮困境、末世寓言。救世任务、太空远航。岁月神偷、盗梦空间。父女血亲羁绊、爱的无限边界、家的自我救赎。藏匿在迷雾中的未来、铺天盖地的绝望、裂缝中的丝许曙光、恍如隔世的弥留。赖以逆转的方程式，传续、重启，恶意、阴谋。不消一丝华丽特效，仍能动魄惊心。
1889243,1380001,3,諾蘭是商業好手，靠戲劇轉折，視覺奇觀，配樂等通俗技巧吸引觀眾。但他總故作高深，通俗扮作者（我從未覺得他算電影作者）。看的人也以為自己高深了，其實那些對白講出的所謂「燒腦」概念根本不用腦，看的人投入的不過只是那份通俗性。電影值得看，但拿他和kubrick比，我則覺得侮辱了kubrick
1889243,4273505,5,同伴说好的电影会让你学到很多东西。学渣不懂五维，奇点，虫洞。可是真的很好看，比inception更好看，虽然前一个小时太拖沓，可是都是很必要的，环环相扣，跟黑暗骑士一样剧情紧凑，一部科幻片却让人提心吊胆。诺兰大神脑洞真大，马修叔果然是我男神。matt Damon好胖，完全没认出来
1889243,4640303,5,1、酷酷酷酷酷！2、安妮海瑟薇神烦 3、不喜欢只有人类的宇宙！
1889243,1233038,3,为了马修-麦康纳老师去看的。这种设定就属于戏不够神仙凑。自己虚构一个时空和世界，无论怎样都能圆回来。所以如果你不相信，那么从开头就是无聊的。失败之处在于，本来应该是硬科幻的问题去用硬科幻解决，但还是被文艺帝扯到了爱与人性。
1889243,46473604,5,看到四分之三电影院警报响了，被迫离场。。
1889243,107215926,5,
1889243,40960942,4,花了2.5在优酷上买了看的，窝一点也不觉得烧脑，因为窝看的时候一点脑子也没动，科幻梗都挺眼熟的，也可能和窝正在看海伯利安有关系。
1889243,4416375,4,还真是“泪点和槽点齐飞”，仍旧没有走出盗梦空间的情感模式，嵌在一个超时空接触类似的故事里（马修，二十年不变的好男人！看他挑的剧本）。宇宙级的父女情，互相飙泪谁扛得住，大约只有黑武士能比。爱的独白后我在沉重阴暗抑郁的气氛中笑场了，后来一旦接受了这个设定，脑洞再大也没啥了...
1889243,1210604,0,星际穿越还是一部诺兰电影：他的优点像牛叉的平行剪辑、剧本对道德困境的探索，他的缺点像加速起来不要命、顾头不顾腚，一个不少。只是有些更崇高的东西，有几个瞬间让我误以为这是神作了，很快就被抗日神剧般的伎俩拉回人间。总体三四星之间，可以想见，本片放映期间又会冒出不少中华田园物理学家吧~
1889243,1819911,4,年度佳片，绝非神作，总体水准与《地心引力》相当，离《2001太空漫游》还有几光年距离。可以说暇瑜互见，既有非常出色之处，也有很多问题。胜在把科幻小说中高度概念化的构思首次以视觉方式呈现出来，把宏大架构与角色情感有机融合；不足之处是情节略显凌乱，铺垫太多但仍不足，节奏不好，致敬太多等。
1889243,47974911,4,海报再烂，也依然要相信诺兰化腐朽为神奇的能力。人性和道德的撞击在这里拉扯，超凡的想象力在这里充分展示。好几次你的背都会忍不住离开靠椅，想要狠狠地掀翻那个书柜。
1889243,134762901,5,"看完《流浪地球2》再来这里打卡

电影首先讲究叙事，不知道一堆人在隔壁尬吹小破球的稀碎剪辑有什么意义。
如果一部电影只要特效和宏大场面，就像吃蛋糕只吃到表面一层就狂夸好吃，刮完奶油芝士，就心满意足。殊不知一叉子下去，下面究竟是什么x。

这些年大家是不是都被国内媒体吹得以为咱们特别不得了了

星际穿越好就好在 兼顾叙事和特效。把故事先讲明白，是基本职业素养。

咱们就不能改改100多年前，中国人夜郎自大的毛病，正视自己的问题，努力缩短差距吗？"
1889243,4384192,5,一部科幻片把我愣生生看哭了。人可能终究孤独。无论是救人的还是被救的。
1889243,50315771,5,Nolan致女儿书：爸爸去哪儿?爸爸回来了!
1889243,44819703,3,英国张艺谋在本土还挺受追捧的，可惜这次叙事节奏真是糟糕。后四十分钟抖机灵挺好看，就是在严肃和讨巧之间失调了。马特达蒙都老成这样了，2D Imax比较有良心，加一星。
1889243,1548489,4,我以为诺兰和卖拷贝根本是同一种人。诺老湿的审美比卖老湿要高出一个汉斯老湿，也更擅长卖拐。影片完成度，特别是视效，是没话说的。但是科学，怪力，人性，大爱神马的杂锦果汁，也把我对诺老湿的厌感刷出了新维度。看过《超时空接触》的多少都猜到拼爹结局了罢。惊讶到我的是肥马——好大一支酱油！
1889243,1042606,5,基本全程张大着嘴在惊叹，憋了三小时的尿也没舍得中途离开两分钟去厕所。这才是电影，造梦的艺术。
1889243,2620527,5,诺兰从来没让人失望。先锋科技加上终极思考，用一惯一流的叙事情节串联起来。看他的电影，可以看见他思路的变化，从揭示人性到思考宇宙跟人类命运的宏大主题。非常好。
1889243,2175912,5,1.不论表演，诺兰兄弟编剧哥哥导演，基本上都是神作。2.马修麦康纳可以蝉联影帝。3.这是我活了26年看过得最牛逼的电影。可以像『2001太空漫游』一样成为影史里程碑。
1889243,58206795,5,近十来年最好的硬科幻电影。难能可贵的是诺兰在宏大苍凉的太空史诗背景下始终关注着人与人之间的情感，并且平衡得很完美~画面绝美，缺点是对反派心理刻画不足。狄兰的诗句和许多台词都引人入胜，Hans Zimmer配乐赞极，与画面结合，在影院数度落泪。该片几无漏洞，我唯一发现的就是时间悖论。（9.0/10）
1889243,6670871,5,这才是一部斯皮尔伯格看完会哭两小时的电影。
1889243,10969301,4,上海点映，诺兰视野最广阔的作品，一部分包裹着从童年情结到为人父的生活情感，一部分有着2001式穷极人类宇宙认知的科学探索，还有一部分仍念念不忘他拿手的叙事游戏。层层递进，喘息不能。在IMAX中穿越虫洞是一次绝佳视觉体验。感谢新浪，给了我与诺兰单独交谈40分钟的唯一机会。
1889243,2065435,4,向来对这类科幻大片从不捧场，但当看到男主角跟长大的一对儿女视讯互诉的时候，突然坐在电影院里开始大飙泪。影片idea很棒，冷冰冰的机舱和银白色的浩瀚宇宙内核，是柔软的牵挂。结尾令我慰藉，男主角再次告别鹤发女儿重返荒凉星球。他去找她，她是另一个跟父亲失散的女儿。两个长生不老的孤独者相依。
1889243,1321364,5,无论从演员，画面，特效，音乐，人性的刻画，Emotionally connect to the character的程度，都把去年那部伪科幻Gravity爆出翔
1889243,173939467,5,没有爹味儿的科幻片太浪漫了
1889243,255174046,5,我居然这个号没给星际穿越打分，前几天又看了一遍，女性角色都很有魅力，爹这辈子学不会看到女性了
1889243,3555431,5,汉斯季莫请收下我的膝盖神配乐！ 后半部分看到目瞪口呆
3541415,1032989,4,1、电影确实精彩。2、没有想象的难懂，相信你自己。3、总会有一个让你记一辈子的镜头。4、请降低期待值。5、请提前上厕所。6、记得关手机。7、一定要去影院，因为影院也是个造梦机器。8、记得听完结尾音乐。因为它负责让你醒来。9、极可能是近几年你在影院看过最精彩的电影。10、穿越吧少年
3541415,1524942,5,大概广电局也不知道该从哪里剪
3541415,1025094,4,你永远记不起一个梦的开端，就像记不起我们如何来到这个世界上。
3541415,1090084,5,卡梅隆负责革新电影技术，诺兰负责革新电影结构...
3541415,1988492,5,一部电影好看到即使你明白它在故弄玄虚也是义无反顾的打五星。
3541415,4569213,5,我的陀螺停不下来了。
3541415,63688511,5,所有的梦境中柯布中都戴着戒指，所有的现实中柯布都没戴戒指，所以陀螺只是障眼法，戒指才是真正的图腾。结尾柯布根本不在乎陀螺有没有停下来，因为他出机场的时候没戴戒指，他早就知道自己回到现实了。
3541415,1411454,4,确实挺好看。人人都在评论这片，我也评不出个鸟来了。因为《盗梦空间》这片，中国人民已经陷入了智商无限的癫狂幻想之中。人人都觉得自己的解释最牛逼，人人都觉得自己是哲学家，是心理学家，是数学家，是诺兰的知己。
3541415,1005928,5,“既然做梦，就做大点” 这句太深得人心了。——2010年最天才的电影。“谁又能说，现实不是梦境。” Do you remember how you got here?
3541415,1016278,5,一直在牛逼，从未被超越。只有Nolan才能达到这种境界！！！
3541415,1080393,5,前期的口碑营销确实有点儿过了，绝对还没有达到神作的级别，但依旧是近年来最好的影片，诺兰独有的叙事技巧视觉风格以及影像语言都被完美的贯彻其中，其遵循并热爱的怀古之风从人物造型，台词蔓延到拍摄手法以及特效制作上，不过正因为如此，一些动作戏上的处理还有视觉奇观的展现则还不是那么过瘾。
3541415,1912248,4,你们终于知道我每天晚上做这种梦有多累了吧
3541415,1494334,5,我还能说什么呢 出影院第一件事就是拿iphone 上豆瓣 至少5颗星啊 第156个评分的 哈哈哈哈 一直要用心用脑看的电影 内容很严谨 逻辑性强 非常好看 等高人仔细分析。。 又去影院 看了一遍 很爽 很抖擞
3541415,28594363,5,列奥纳多干完这票肯定是要去Shutter Island修养一阵了。
3541415,3225954,4,概念不算新鲜但还不错 ;p 充斥许多漂亮的慢动作镜头和带点匪夷所思的建筑构想，视觉效果挺棒的！偶尔会令我想起Paprika……
3541415,171308410,4,好烧脑的电影，看了两次才看明白，好吧自己笨了点。佩服编剧导演了
